Date,BEst P/E Ratio,BEst EPS,EURUSD BGN Curncy,MPMIEZMA Index,GDBR2 Index,V2X Index,BFCIEU Index,LECPOAS Index,CO1 Comdty,Month,Price
2005-12-30,13.135,8.2908,1.1849,52.8,2.862,14.477,1.217,0.46,58.98,2005-12,38.82500076293945
2006-01-31,13.4672,8.4093,1.2156,53.5,2.955,15.8548,1.136,0.44,65.99,2006-01,41.439998626708984
2006-02-28,13.5957,8.563,1.1921,54.5,3.021,15.0449,1.017,0.46,61.76,2006-02,41.7400016784668
2006-03-31,13.9157,8.5932,1.2118,56.1,3.29,14.0139,0.997,0.47,65.91,2006-03,43.57500076293945
2006-04-28,13.7097,8.7048,1.2635,56.1,3.379,14.7089,0.788,0.45,72.5,2006-04,45.525001525878906
2006-05-31,12.4691,9.0183,1.281,57.0,3.355,23.0529,0.53,0.49,70.41,2006-05,43.904998779296875
2006-06-30,12.3123,9.1519,1.2791,57.7,3.574,18.3282,0.785,0.53,73.51,2006-06,44.029998779296875
2006-07-31,12.2986,9.2458,1.2767,57.4,3.512,18.5171,0.701,0.52,75.15,2006-07,44.55500030517578
2006-08-31,12.5486,9.3683,1.2813,56.5,3.522,16.1689,0.863,0.52,70.25,2006-08,46.28499984741211
2006-09-29,12.7256,9.4856,1.2674,56.5,3.585,16.2455,0.805,0.53,62.48,2006-09,47.095001220703125
2006-10-31,13.027,9.5463,1.2762,57.0,3.678,14.5146,0.771,0.51,59.03,2006-10,48.70000076293945
2006-11-30,12.8234,9.7135,1.3242,56.6,3.658,15.5561,1.0,0.5,64.26,2006-11,50.95000076293945
2006-12-29,13.2579,9.7723,1.3197,56.6,3.903,14.83,0.975,0.52,60.86,2006-12,51.67499923706055
2007-01-31,13.4728,9.8131,1.3032,55.5,3.968,15.9174,1.387,0.48,57.4,2007-01,52.42499923706055
2007-02-28,13.0812,9.9463,1.3229,55.6,3.876,19.4973,1.277,0.47,61.89,2007-02,51.95000076293945
2007-03-30,13.3657,10.0167,1.3354,55.6,4.016,17.5427,1.317,0.48,68.1,2007-03,54.11000061035156
2007-04-30,13.7982,10.1086,1.3648,55.4,4.128,18.3379,1.29,0.49,67.65,2007-04,57.5
2007-05-31,13.8318,10.3906,1.3453,55.0,4.394,15.7865,1.452,0.47,68.04,2007-05,59.67499923706055
2007-06-29,13.5643,10.4915,1.3541,55.0,4.462,16.8985,1.085,0.48,71.41,2007-06,59.0
2007-07-31,12.9379,10.5868,1.3684,54.9,4.299,23.8246,0.482,0.65,77.05,2007-07,57.14500045776367
2007-08-31,12.625,10.7699,1.363,54.3,4.013,24.4721,-1.07,0.85,72.69,2007-08,57.130001068115234
2007-09-28,12.7173,10.8458,1.4267,54.3,4.028,19.7088,-1.143,0.9,79.17,2007-09,60.45000076293945
2007-10-31,12.9701,10.956,1.4487,51.5,4.056,19.9915,-0.695,0.86,90.63,2007-10,63.44499969482422
2007-11-30,12.4212,11.0368,1.4633,52.8,3.831,20.4255,-1.58,1.16,88.26,2007-11,61.685001373291016
2007-12-31,12.4978,10.9179,1.4589,52.6,3.964,18.0605,-1.203,1.16,93.85,2007-12,59.65999984741211
2008-01-31,10.7926,10.9982,1.4861,52.8,3.373,30.0471,-1.03,1.45,92.21,2008-01,53.5
2008-02-29,10.7572,10.9043,1.5179,52.3,3.16,28.6914,-1.101,1.65,100.1,2008-02,53.060001373291016
2008-03-31,10.4783,10.8863,1.5788,52.0,3.431,27.3083,-2.688,1.88,100.3,2008-03,54.400001525878906
2008-04-30,11.1078,10.8185,1.5622,50.7,3.757,20.8781,-2.193,1.64,111.36,2008-04,56.56999969482422
2008-05-30,11.0285,10.8456,1.5554,50.7,4.316,19.6841,-1.612,1.59,127.78,2008-05,57.2400016784668
2008-06-30,9.7379,10.8309,1.5755,49.2,4.597,24.6668,-1.489,1.7,139.83,2008-06,48.994998931884766
2008-07-31,9.7031,10.6924,1.5603,47.4,4.26,23.3294,-1.694,1.87,123.98,2008-07,47.79999923706055
2008-08-29,9.8053,10.6952,1.4673,47.4,4.111,21.0605,-1.615,1.96,114.05,2008-08,45.91999816894531
2008-09-30,8.7597,10.6008,1.4092,45.0,3.476,40.3874,-6.461,3.11,98.17,2008-09,39.720001220703125
2008-10-31,8.0028,9.7716,1.2726,41.1,2.542,60.6773,-8.825,4.12,65.32,2008-10,29.959999084472656
2008-11-28,8.2025,8.8717,1.2691,41.1,2.188,51.4443,-7.776,4.36,53.49,2008-11,27.729999542236328
2008-12-31,8.728,8.3513,1.3971,33.9,1.755,43.867,-6.615,4.61,45.59,2008-12,30.610000610351562
2009-01-30,8.8309,7.6788,1.2813,33.9,1.532,44.7879,-3.988,4.36,45.88,2009-01,25.350000381469727
2009-02-27,8.5023,7.1016,1.2669,34.4,1.311,42.8901,-3.975,4.42,46.35,2009-02,22.290000915527344
2009-03-31,9.3357,6.7183,1.325,33.9,1.235,42.4096,-3.819,4.53,49.23,2009-03,24.5
2009-04-30,11.0241,6.542,1.323,36.8,1.337,36.8821,-2.418,3.85,50.8,2009-04,28.09000015258789
2009-05-29,11.5845,6.425,1.4158,36.8,1.419,33.0374,-1.385,3.17,65.52,2009-05,31.799999237060547
2009-06-30,11.4042,6.395,1.4033,42.6,1.365,30.2413,-1.539,2.91,69.3,2009-06,30.309999465942383
2009-07-31,12.378,6.4445,1.4257,46.3,1.263,28.1252,-1.221,2.33,71.7,2009-07,33.56999969482422
2009-08-31,12.8026,6.5706,1.4334,48.2,1.244,29.5215,-1.057,2.14,69.65,2009-08,35.66999816894531
2009-09-30,13.0675,6.7136,1.464,49.3,1.265,26.8181,-0.724,1.96,69.07,2009-09,38.0099983215332
2009-10-30,12.1751,6.8845,1.4719,49.3,1.288,31.3257,-0.767,1.82,75.2,2009-10,36.27000045776367
2009-11-30,12.1396,6.9986,1.5005,51.6,1.257,30.2813,-0.721,1.82,78.47,2009-11,38.040000915527344
2009-12-31,12.5945,7.1222,1.4321,51.6,1.331,24.0577,-0.325,1.75,77.93,2009-12,37.470001220703125
2010-01-29,11.7506,7.2711,1.3863,51.6,1.118,26.7238,-0.48,1.65,71.46,2010-01,34.4900016784668
2010-02-26,11.4505,7.3211,1.3631,52.4,0.955,24.3654,-0.408,1.73,77.59,2010-02,33.459999084472656
2010-03-31,12.1993,7.4053,1.351,56.6,0.958,20.5988,0.051,1.57,82.7,2010-03,35.93000030517578
2010-04-30,11.5503,7.6015,1.3294,57.6,0.771,28.89,-0.213,1.67,87.44,2010-04,34.150001525878906
2010-05-31,10.4072,7.8321,1.2306,55.8,0.514,34.3976,-0.98,2.27,74.65,2010-05,29.84000015258789
2010-06-30,10.1993,7.8829,1.2238,55.6,0.6,34.3161,-1.147,2.31,75.01,2010-06,28.549999237060547
2010-07-30,10.5741,8.0725,1.3052,55.6,0.784,27.1611,-0.873,1.94,78.18,2010-07,32.84000015258789
2010-08-31,9.9076,8.2795,1.268,55.1,0.59,29.3735,-0.942,2.01,74.64,2010-08,30.549999237060547
2010-09-30,10.3898,8.3072,1.3634,53.7,0.834,26.1124,-0.502,1.93,82.31,2010-09,34.630001068115234
2010-10-29,10.6161,8.4259,1.3947,53.7,0.989,23.3884,-0.327,1.75,83.15,2010-10,36.72999954223633
2010-11-30,9.9579,8.5199,1.2983,55.3,0.856,31.0728,-1.108,2.12,85.92,2010-11,32.65999984741211
2010-12-31,10.4024,8.5846,1.3384,57.1,0.864,23.9165,-0.979,2.12,94.75,2010-12,35.27000045776367
2011-01-31,10.7253,8.6925,1.3694,57.3,1.372,22.7339,-0.185,1.94,101.01,2011-01,37.5099983215332
2011-02-28,10.8127,8.7869,1.3806,59.0,1.517,22.7141,-0.293,1.8,111.8,2011-02,38.61000061035156
2011-03-31,10.4811,8.8245,1.4158,57.5,1.79,22.08,-0.176,1.72,117.36,2011-03,38.7400016784668
2011-04-29,10.6896,8.9236,1.4807,57.5,1.771,18.4785,-0.124,1.65,125.89,2011-04,41.83000183105469
2011-05-31,10.222,8.9895,1.4396,54.6,1.605,20.353,-0.463,1.74,116.73,2011-05,39.84000015258789
2011-06-30,10.0769,9.0186,1.4502,52.0,1.609,21.5622,-0.422,1.92,112.48,2011-06,38.83000183105469
2011-07-29,9.5589,8.9571,1.4398,52.0,1.162,27.6238,-1.782,2.16,116.74,2011-07,35.900001525878906
2011-08-31,8.4581,8.8022,1.4369,49.0,0.72,35.6495,-2.667,2.96,114.85,2011-08,31.520000457763672
2011-09-30,8.1396,8.6024,1.3387,48.5,0.55,46.6796,-4.219,3.59,102.76,2011-09,27.31999969482422
2011-10-31,9.1609,8.2939,1.3858,47.1,0.539,35.1198,-3.128,2.77,109.56,2011-10,30.770000457763672
2011-11-30,9.103,8.1259,1.3446,46.4,0.337,37.0829,-3.644,3.5,110.52,2011-11,29.469999313354492
2011-12-30,9.1141,8.0864,1.2961,46.4,0.144,32.1544,-3.415,3.32,107.38,2011-12,27.899999618530273
2012-01-31,9.7286,7.9662,1.3084,48.8,0.158,26.3081,-2.549,2.76,110.98,2012-01,29.8700008392334
2012-02-29,10.2228,7.9,1.3325,49.0,0.191,23.9289,-1.938,2.36,122.66,2012-02,31.510000228881836
2012-03-30,10.168,7.9278,1.3343,49.0,0.206,22.5463,-1.436,2.2,122.88,2012-03,31.549999237060547
2012-04-30,9.5285,7.9656,1.3239,45.9,0.08,26.9511,-1.535,2.36,119.47,2012-04,29.780000686645508
2012-05-31,8.7178,7.986,1.2365,45.1,0.002,34.9478,-1.784,2.6,101.87,2012-05,25.940000534057617
2012-06-29,9.3322,7.9038,1.2667,45.1,0.124,24.9463,-1.344,2.47,97.8,2012-06,27.450000762939453
2012-07-31,9.6562,7.8498,1.2304,44.0,-0.091,28.0088,-1.201,2.24,104.92,2012-07,27.18000030517578
2012-08-31,10.0911,7.8098,1.2579,45.1,-0.035,25.7034,-0.482,2.01,114.57,2012-08,28.979999542236328
2012-09-28,10.2498,7.7728,1.286,45.1,0.021,23.3836,0.01,1.86,112.39,2012-09,30.049999237060547
2012-10-31,10.4997,7.7069,1.296,45.4,0.038,22.2123,0.138,1.68,108.7,2012-10,30.81999969482422
2012-11-30,10.8279,7.6774,1.2986,46.2,0.01,16.5548,0.408,1.59,111.23,2012-11,31.8700008392334
2012-12-31,11.0534,7.6935,1.3193,46.1,-0.015,21.3534,0.602,1.51,111.11,2012-12,33.459999084472656
2013-01-31,11.4083,7.6646,1.3579,47.9,0.269,16.6395,0.707,1.53,115.55,2013-01,34.720001220703125
2013-02-28,11.3808,7.619,1.3057,47.9,0.04,21.0046,0.324,1.53,111.38,2013-02,33.119998931884766
2013-03-29,11.4019,7.607,1.2819,47.9,-0.023,20.8944,0.222,1.56,110.02,2013-03,32.650001525878906
2013-04-30,11.8124,7.5074,1.3168,46.7,0.012,20.261,0.468,1.35,102.37,2013-04,34.529998779296875
2013-05-31,12.0195,7.5428,1.2999,48.3,0.069,19.6048,0.496,1.27,100.39,2013-05,34.97999954223633
2013-06-28,11.3504,7.5381,1.301,48.3,0.188,21.8175,0.273,1.47,102.16,2013-06,32.47999954223633
2013-07-31,12.0658,7.5362,1.3302,50.3,0.152,19.0644,0.38,1.4,107.7,2013-07,35.31999969482422
2013-08-30,11.9054,7.5537,1.3222,50.3,0.238,23.4785,0.22,1.34,114.01,2013-08,34.68000030517578
2013-09-30,12.5224,7.6056,1.3527,51.1,0.167,19.4503,0.516,1.37,108.37,2013-09,37.72999954223633
2013-10-31,13.2731,7.5634,1.3584,51.3,0.115,15.888,0.675,1.28,108.84,2013-10,39.779998779296875
2013-11-29,13.5295,7.5073,1.3591,51.3,0.117,14.6502,0.804,1.22,109.69,2013-11,40.36000061035156
2013-12-31,13.5085,7.5745,1.3743,52.7,0.213,17.2549,0.924,1.15,110.8,2013-12,41.380001068115234
2014-01-31,13.2147,7.565,1.3486,54.0,0.068,21.8188,0.541,1.21,106.4,2014-01,39.27000045776367
2014-02-28,13.9451,7.5094,1.3802,53.2,0.128,16.7667,0.82,1.12,109.07,2014-02,42.0099983215332
2014-03-31,13.9561,7.5222,1.3769,53.0,0.159,17.6639,0.719,1.1,107.76,2014-03,42.27000045776367
2014-04-30,14.0557,7.5222,1.3867,53.4,0.141,17.0713,0.518,1.01,108.07,2014-04,43.04999923706055
2014-05-30,14.2004,7.5582,1.3635,53.4,0.064,15.7845,0.751,1.01,109.41,2014-05,43.40999984741211
2014-06-30,14.0521,7.5583,1.3692,51.8,0.028,15.269,0.963,1.01,112.36,2014-06,42.31999969482422
2014-07-31,13.5639,7.562,1.339,51.8,0.025,19.1221,0.708,0.97,106.02,2014-07,39.79999923706055
2014-08-29,13.6705,7.6223,1.3132,51.8,-0.029,17.1888,0.755,0.93,103.19,2014-08,39.869998931884766
2014-09-30,13.6806,7.6736,1.2631,50.3,-0.082,17.8514,0.876,0.9,94.67,2014-09,38.5
2014-10-31,13.3501,7.6621,1.2525,50.6,-0.056,20.3172,0.62,0.89,85.86,2014-10,37.400001525878906
2014-11-28,13.9598,7.672,1.2452,50.6,-0.032,18.0253,0.779,0.88,70.15,2014-11,38.849998474121094
2014-12-31,13.6263,7.6785,1.2098,50.6,-0.098,26.1876,0.428,0.88,57.33,2014-12,36.33000183105469
2015-01-30,14.7619,7.6054,1.1291,50.6,-0.184,24.731,0.026,0.84,52.99,2015-01,36.68000030517578
2015-02-27,15.7515,7.6437,1.1196,51.0,-0.227,17.7528,0.419,0.75,62.58,2015-02,38.959999084472656
2015-03-31,16.0696,7.7133,1.0731,52.2,-0.252,21.1004,0.187,0.99,55.11,2015-03,38.58000183105469
2015-04-30,15.6262,7.792,1.1224,52.0,-0.221,24.2128,0.22,0.97,66.78,2015-04,39.439998626708984
2015-05-29,15.3467,7.8936,1.0986,52.0,-0.225,23.5386,0.127,1.0,65.56,2015-05,39.189998626708984
2015-06-30,14.6181,7.9463,1.1147,52.5,-0.227,32.3071,-0.163,1.22,63.59,2015-06,37.540000915527344
2015-07-31,15.1664,8.0131,1.0984,52.4,-0.232,19.2878,0.387,1.15,52.21,2015-07,38.689998626708984
2015-08-31,13.7956,8.0613,1.1211,52.3,-0.203,31.0718,-0.103,1.25,54.15,2015-08,36.02000045776367
2015-09-30,13.2936,7.973,1.1177,52.0,-0.252,32.0459,-0.432,1.48,48.37,2015-09,34.34000015258789
2015-10-30,14.7648,7.8721,1.1006,52.0,-0.315,20.3569,0.063,1.33,49.56,2015-10,36.849998474121094
2015-11-30,15.1841,7.8753,1.0565,52.8,-0.415,23.6503,-0.038,1.3,44.61,2015-11,36.560001373291016
2015-12-31,14.3524,7.8495,1.0862,53.2,-0.345,22.7102,-0.203,1.34,37.28,2015-12,35.040000915527344
2016-01-29,13.6637,7.7161,1.0831,53.2,-0.487,27.389,-0.358,1.5,34.74,2016-01,33.20000076293945
2016-02-29,13.5028,7.5644,1.0873,51.2,-0.571,29.7298,-0.666,1.56,35.97,2016-02,31.799999237060547
2016-03-31,13.8972,7.5468,1.138,51.6,-0.487,23.4487,-0.312,1.31,39.6,2016-03,34.38999938964844
2016-04-29,13.9841,7.5529,1.1451,51.6,-0.484,24.033,-0.234,1.22,48.13,2016-04,35.27000045776367
2016-05-31,14.1167,7.5612,1.1132,51.5,-0.514,22.1149,-0.087,1.28,49.69,2016-05,33.9900016784668
2016-06-30,13.1471,7.6093,1.1106,52.8,-0.661,26.0765,-0.708,1.37,49.68,2016-06,32.27000045776367
2016-07-29,13.8175,7.6034,1.1174,52.8,-0.625,20.2451,-0.124,1.14,42.46,2016-07,33.83000183105469
2016-08-31,13.8422,7.6873,1.1158,51.7,-0.618,19.4166,-0.077,1.08,47.04,2016-08,34.209999084472656
2016-09-30,13.7104,7.7569,1.1235,52.6,-0.683,19.7693,-0.111,1.15,49.06,2016-09,34.4900016784668
2016-10-31,13.6866,7.8697,1.0981,53.5,-0.618,21.4449,-0.079,1.09,48.3,2016-10,34.13999938964844
2016-11-30,13.4799,7.96,1.0589,53.7,-0.727,21.4372,-0.11,1.26,50.47,2016-11,32.779998779296875
2016-12-30,14.3421,7.9961,1.0517,53.7,-0.766,18.123,-0.136,1.23,56.82,2016-12,34.599998474121094
2017-01-31,13.9659,8.1255,1.0798,55.2,-0.699,17.3682,0.232,1.2,55.7,2017-01,35.34000015258789
2017-02-28,13.8286,8.4151,1.0576,55.4,-0.899,16.2849,-0.04,1.24,55.59,2017-02,35.40999984741211
2017-03-31,14.3909,8.5115,1.0652,56.2,-0.74,16.5221,0.153,1.18,52.83,2017-03,37.599998474121094
2017-04-28,14.5308,8.5948,1.0895,56.2,-0.733,17.0495,0.051,1.11,51.73,2017-04,39.2400016784668
2017-05-31,14.3938,8.7269,1.1244,57.0,-0.713,14.5538,0.088,1.09,50.31,2017-05,41.18000030517578
2017-06-30,14.2246,8.589,1.1426,57.4,-0.572,17.2533,0.063,1.02,47.92,2017-06,40.33000183105469
2017-07-31,14.22,8.6155,1.1842,56.6,-0.68,13.9033,0.427,0.92,52.65,2017-07,41.630001068115234
2017-08-31,14.0119,8.6961,1.191,57.4,-0.727,15.6317,0.243,0.99,52.38,2017-08,41.83000183105469
2017-09-29,14.6421,8.6861,1.1814,57.4,-0.692,12.1208,0.45,0.96,57.54,2017-09,43.31999969482422
2017-10-31,14.94,8.7157,1.1646,58.5,-0.75,11.9864,0.279,0.87,61.37,2017-10,43.83000183105469
2017-11-30,14.5557,8.7575,1.1904,60.1,-0.684,13.4708,-0.042,0.88,63.57,2017-11,43.720001220703125
2017-12-29,14.3524,8.7966,1.2005,60.1,-0.627,13.5114,0.3,0.86,66.87,2017-12,43.380001068115234
2018-01-31,14.6607,8.88,1.2414,59.6,-0.526,15.1644,0.501,0.74,69.05,2018-01,46.41999816894531
2018-02-28,14.0134,8.9323,1.2194,58.6,-0.54,18.0002,0.158,0.8,65.78,2018-02,43.63999938964844
2018-03-30,13.6254,8.9857,1.2324,58.6,-0.602,17.4364,-0.073,0.95,70.27,2018-03,43.349998474121094
2018-04-30,14.1402,9.0315,1.2078,56.2,-0.586,13.7154,0.29,0.92,75.17,2018-04,44.33000183105469
2018-05-31,13.6036,9.1647,1.1693,55.5,-0.656,17.6547,-0.085,1.18,77.59,2018-05,42.7400016784668
2018-06-29,13.411,9.1979,1.1684,55.5,-0.665,16.6333,-0.108,1.22,79.44,2018-06,41.0099983215332
2018-07-31,13.7844,9.2529,1.1691,55.1,-0.57,12.5596,0.232,1.1,74.25,2018-07,42.56999969482422
2018-08-31,13.2914,9.3352,1.1602,54.6,-0.605,15.6343,-0.029,1.19,77.42,2018-08,41.220001220703125
2018-09-28,13.179,9.3825,1.1604,54.6,-0.523,14.7637,0.16,1.14,82.72,2018-09,41.0099983215332
2018-10-31,12.2697,9.4241,1.1312,52.0,-0.618,20.3038,-0.607,1.28,75.47,2018-10,37.369998931884766
2018-11-30,12.1725,9.4115,1.1317,51.8,-0.596,18.4935,-0.489,1.49,58.71,2018-11,37.2400016784668
2018-12-31,11.4631,9.3948,1.1467,51.4,-0.61,23.8643,-0.82,1.52,53.8,2018-12,35.060001373291016
2019-01-31,12.3039,9.291,1.1448,50.5,-0.564,15.1126,-0.038,1.42,61.89,2019-01,37.349998474121094
2019-02-28,12.8265,9.2599,1.1371,49.3,-0.519,13.5876,0.098,1.28,66.03,2019-02,38.52000045776367
2019-03-29,12.9648,9.2674,1.1218,49.3,-0.602,15.2748,0.023,1.23,68.39,2019-03,38.599998474121094
2019-04-30,13.5386,9.2854,1.1215,47.9,-0.584,13.2624,0.202,1.07,72.8,2019-04,40.529998779296875
2019-05-31,12.6022,9.2873,1.1169,47.7,-0.659,17.4218,-0.113,1.28,64.49,2019-05,37.91999816894531
2019-06-28,13.2334,9.2789,1.1373,47.7,-0.75,13.7342,0.161,1.12,66.55,2019-06,39.560001373291016
2019-07-31,13.3462,9.2073,1.1076,46.5,-0.778,14.3909,0.331,0.99,65.17,2019-07,38.4900016784668
2019-08-30,13.1364,9.2335,1.0982,46.5,-0.927,17.6681,0.117,1.09,60.43,2019-08,37.90999984741211
2019-09-30,13.6305,9.2235,1.0899,45.7,-0.766,15.8282,0.449,1.11,60.78,2019-09,38.88999938964844
2019-10-31,13.8928,9.1513,1.1152,45.9,-0.66,13.7919,0.402,1.02,60.23,2019-10,40.41999816894531
2019-11-29,14.3301,9.1021,1.1018,45.9,-0.627,13.174,0.473,1.03,62.43,2019-11,40.790000915527344
2019-12-31,14.4474,9.1249,1.1213,46.3,-0.601,13.9548,0.428,0.93,66.0,2019-12,41.91999816894531
2020-01-31,14.1505,9.1492,1.1093,47.9,-0.67,17.1542,0.51,0.94,58.16,2020-01,40.47999954223633
2020-02-28,13.1802,9.0371,1.1026,47.9,-0.769,42.2369,-0.704,1.14,50.52,2020-02,37.4900016784668
2020-03-31,12.8449,7.6698,1.1031,44.5,-0.689,48.5926,-1.889,2.39,22.74,2020-03,30.510000228881836
2020-04-30,16.0258,6.5295,1.0955,33.4,-0.76,33.9105,-1.257,1.86,25.27,2020-04,32.38999938964844
2020-05-29,17.3216,6.298,1.1101,33.4,-0.659,31.1263,-0.615,1.68,35.33,2020-05,34.779998779296875
2020-06-30,18.2709,6.2446,1.1234,47.4,-0.687,31.7179,-0.224,1.49,41.15,2020-06,36.47999954223633
2020-07-31,17.8809,6.2786,1.1778,51.8,-0.713,26.6625,0.09,1.28,43.3,2020-07,37.66999816894531
2020-08-31,17.9265,6.4766,1.1936,51.7,-0.652,26.7213,0.313,1.14,45.28,2020-08,39.38999938964844
2020-09-30,17.1849,6.629,1.1721,53.7,-0.701,26.0598,0.173,1.19,40.95,2020-09,37.91999816894531
2020-10-30,15.7656,6.8177,1.1647,53.7,-0.794,35.3472,-0.538,1.16,37.46,2020-10,35.880001068115234
2020-11-30,17.9382,7.0139,1.1927,53.8,-0.743,22.9149,0.291,0.94,47.59,2020-11,42.939998626708984
2020-12-31,17.7918,7.2073,1.2216,55.2,-0.7,23.369,0.363,0.92,51.8,2020-12,44.08000183105469
2021-01-29,16.6957,7.5736,1.2136,55.2,-0.733,29.0082,0.338,0.93,55.88,2021-01,43.310001373291016
2021-02-26,16.7874,7.7977,1.2075,54.8,-0.663,26.8632,0.529,0.89,66.13,2021-02,44.779998779296875
2021-03-31,17.743,7.8582,1.173,62.5,-0.691,17.9742,0.736,0.9,63.54,2021-03,46.43000030517578
2021-04-30,17.2428,8.2293,1.202,62.9,-0.682,20.6309,0.741,0.84,67.25,2021-04,48.59000015258789
2021-05-31,17.0314,8.486,1.2227,63.1,-0.662,19.0981,0.902,0.85,69.32,2021-05,50.720001220703125
2021-06-30,16.7319,8.7167,1.1858,63.4,-0.662,18.1849,0.95,0.83,75.13,2021-06,49.349998474121094
2021-07-30,16.3168,9.0483,1.187,63.4,-0.762,20.9392,0.688,0.83,76.33,2021-07,49.849998474121094
2021-08-31,16.0714,9.4098,1.1809,61.4,-0.713,18.7654,0.87,0.84,72.99,2021-08,50.83000183105469
2021-09-30,15.463,9.4521,1.158,58.6,-0.689,23.2428,0.633,0.84,78.52,2021-09,48.119998931884766
2021-10-29,15.7467,9.6518,1.1558,58.6,-0.585,17.6164,0.66,0.87,84.38,2021-10,50.31999969482422
2021-11-30,14.8695,9.875,1.1338,58.4,-0.737,30.0679,-0.179,1.08,70.57,2021-11,47.599998474121094
2021-12-31,15.4823,9.9502,1.137,58.0,-0.62,19.2677,0.59,0.95,77.78,2021-12,49.0099983215332
2022-01-31,14.7152,10.0976,1.1235,58.7,-0.528,27.0084,0.213,1.05,91.21,2022-01,47.380001068115234
2022-02-28,13.6895,10.2802,1.1219,58.2,-0.531,35.293,-0.944,1.44,100.99,2022-02,43.880001068115234
2022-03-31,13.3642,10.4474,1.1067,56.5,-0.074,28.9898,-0.828,1.29,107.91,2022-03,43.27000045776367
2022-04-29,12.6462,10.7766,1.0545,56.5,0.261,30.7732,-1.199,1.51,109.34,2022-04,40.11000061035156
2022-05-31,12.4355,10.8973,1.0734,54.6,0.503,25.249,-0.854,1.62,122.84,2022-05,41.849998474121094
2022-06-30,11.1753,10.9953,1.0484,52.1,0.649,29.7804,-1.498,2.18,114.81,2022-06,36.349998474121094
2022-07-29,11.8695,11.0985,1.022,52.1,0.281,22.3049,-1.213,1.87,110.01,2022-07,38.15999984741211
2022-08-31,11.0893,11.2754,1.0054,49.6,1.202,27.9451,-1.843,2.02,96.49,2022-08,35.33000183105469
2022-09-30,10.2963,11.3705,0.9802,48.4,1.759,30.7092,-1.897,2.25,87.96,2022-09,31.979999542236328
2022-10-31,11.1699,11.3034,0.9882,46.4,1.936,24.8305,-1.942,2.21,94.83,2022-10,35.209999084472656
2022-11-30,12.0311,11.3613,1.0406,47.1,2.129,21.2104,-1.343,1.81,85.43,2022-11,40.540000915527344
2022-12-30,11.66,11.2923,1.0705,47.1,2.764,20.8862,-0.475,1.67,85.91,2022-12,39.47999954223633
2023-01-31,12.8423,11.2297,1.0863,48.8,2.651,18.5683,-0.182,1.52,84.49,2023-01,44.34000015258789
2023-02-28,12.7882,11.4548,1.0576,48.5,3.137,19.5007,0.26,1.48,83.89,2023-02,43.58000183105469
2023-03-31,12.7359,11.573,1.0839,47.3,2.683,19.4246,-0.452,1.7,79.77,2023-03,45.08000183105469
2023-04-28,12.6812,11.73,1.1019,47.3,2.691,17.4304,-0.651,1.62,79.54,2023-04,46.52000045776367
2023-05-31,12.0621,11.9086,1.0689,44.8,2.719,19.9817,-0.856,1.71,72.66,2023-05,44.130001068115234
2023-06-30,12.3969,12.0086,1.0909,43.4,3.196,13.6139,0.148,1.63,74.9,2023-06,45.81999969482422
2023-07-31,12.5185,12.1079,1.0997,42.7,3.038,16.2264,0.202,1.47,85.56,2023-07,46.939998626708984
2023-08-31,12.0337,12.1999,1.0843,43.5,2.978,16.0638,0.104,1.55,86.86,2023-08,44.83000183105469
2023-09-29,11.5786,12.2663,1.0573,43.5,3.203,17.4704,-0.049,1.53,95.31,2023-09,42.2400016784668
2023-10-31,11.2302,12.2244,1.0575,43.1,3.016,19.7076,-0.095,1.6,87.41,2023-10,41.099998474121094
2023-11-30,12.1071,12.2245,1.0888,44.2,2.816,13.815,0.23,1.47,82.83,2023-11,45.650001525878906
2023-12-29,12.3941,12.3185,1.1039,44.2,2.404,13.5747,0.383,1.38,77.04,2023-12,47.439998626708984
2024-01-31,12.7449,12.2298,1.0818,46.6,2.428,14.8188,0.603,1.31,81.71,2024-01,47.15999984741211
2024-02-29,13.1901,12.2003,1.0805,46.5,2.901,13.7832,0.973,1.21,83.62,2024-02,49.04999923706055
2024-03-29,13.8169,12.1497,1.079,46.5,2.849,13.3781,1.0,1.14,87.48,2024-03,51.060001373291016
2024-04-30,13.2948,12.3088,1.0666,45.7,3.034,15.5652,0.938,1.12,87.86,2024-04,49.2599983215332
2024-05-31,13.3435,12.4767,1.0848,47.3,3.097,14.1384,1.008,1.08,81.62,2024-05,52.02000045776367
2024-06-28,12.8975,12.5718,1.0713,47.3,2.833,18.2969,0.465,1.2,86.41,2024-06,48.83000183105469
2024-07-31,12.9523,12.5589,1.0826,45.8,2.531,15.7434,0.652,1.1,80.72,2024-07,49.40999984741211
2024-08-30,13.1301,12.5825,1.1048,45.8,2.391,15.2695,0.895,1.17,78.8,2024-08,51.369998931884766
2024-09-30,13.3569,12.4884,1.1135,45.0,2.068,18.0647,0.827,1.17,71.77,2024-09,52.22999954223633
2024-10-31,13.1187,12.2782,1.0884,46.0,2.281,21.7302,1.092,1.04,73.16,2024-10,49.29999923706055
2024-11-29,13.1398,12.2508,1.0577,46.0,1.951,16.9607,1.038,1.08,72.94,2024-11,47.86000061035156
2024-12-31,13.2377,12.3252,1.0354,45.1,2.082,17.003,1.481,1.02,74.64,2024-12,47.20000076293945
2025-01-31,14.1339,12.3725,1.0362,46.6,2.119,15.3582,1.786,0.91,76.76,2025-01,50.56999969482422
2025-02-28,14.5047,12.4632,1.0375,47.6,2.025,18.6266,1.579,0.91,73.18,2025-02,52.38999938964844
2025-03-31,13.9967,12.5018,1.0816,48.6,2.047,22.1452,1.345,0.98,74.74,2025-03,53.25
2025-04-30,14.1896,12.2906,1.1328,49.0,1.686,22.4714,0.959,1.12,63.12,2025-04,55.720001220703125
2025-05-30,14.7723,12.332,1.1347,49.0,1.776,19.1549,1.4,1.0,63.9,2025-05,58.9900016784668
2025-06-30,14.587,12.3829,1.1787,49.5,1.861,17.6686,1.524,0.92,67.61,2025-06,59.45000076293945
2025-07-31,14.7593,12.3472,1.1415,49.8,1.964,17.5426,1.515,0.79,72.53,2025-07,58.06999969482422
2025-08-29,14.6492,12.4837,1.1686,49.8,1.94,17.5646,1.459,0.84,68.12,2025-08,59.810001373291016
2025-09-30,14.9524,12.5718,1.1734,49.8,2.019,16.6808,1.431,0.79,67.02,2025-09,61.939998626708984
2025-10-31,15.1066,12.7291,1.1537,50.0,1.968,17.8148,1.229,0.77,65.07,2025-10,62.16999816894531
2025-11-28,15.0156,12.825,1.1598,50.0,2.029,17.1178,1.232,0.83,63.2,2025-11,62.65999984741211
2025-12-31,15.2389,12.9281,1.1746,48.8,2.122,14.7136,1.635,0.78,60.85,2025-12,64.0999984741211
2026-01-30,15.5016,13.0578,1.1851,48.8,2.089,19.9868,1.526,0.74,70.69,2026-01,66.66000366210938
2026-02-27,15.9704,13.1207,1.1812,49.5,1.998,19.6835,1.519,0.83,72.48,2026-02,68.58000183105469
2026-03-31,14.3308,13.3853,1.1553,51.6,2.616,30.6839,1.14,0.97,118.35,2026-03,62.63999938964844
2026-04-30,14.8517,13.652,1.1731,52.0,2.643,22.6189,1.048,0.82,114.01,2026-04,66.62000274658203
