Date,BEst P/E Ratio,BEst EPS,VIX Index,LECPOAS Index,GSEAFCI Index,CH_PMI,USDCHF Curncy,EURCHF Curncy,CO1 Comdty,GSWISS02 Index,Month,Price
2005-12-30,16.2431,60.8467,12.07,0.46,99.29,56.4,1.3134,1.55615,58.98,1.465,2005-12,19.309999465942383
2006-01-31,16.6834,61.0657,12.95,0.44,99.31,58.7,1.2779,1.5535,65.99,1.507,2006-01,20.440000534057617
2006-02-28,16.2416,63.3705,12.34,0.46,99.19,61.0,1.3117,1.5636,61.76,1.654,2006-02,20.270000457763672
2006-03-31,16.3453,64.0011,11.39,0.47,99.39,63.5,1.3042,1.5802,65.91,1.77,2006-03,20.93000030517578
2006-04-28,16.5444,63.5186,11.59,0.45,99.53,63.5,1.2388,1.56495,72.5,1.85,2006-04,22.25
2006-05-31,15.2009,65.2888,16.44,0.49,99.78,64.5,1.2192,1.56165,70.41,1.978,2006-05,21.31999969482422
2006-06-30,15.1834,65.7878,13.08,0.53,99.86,63.8,1.2231,1.5649,73.51,2.073,2006-06,21.270000457763672
2006-07-31,15.3928,67.2391,14.95,0.52,99.78,64.1,1.2312,1.572,75.15,1.987,2006-07,22.010000228881836
2006-08-31,15.6765,67.8782,12.31,0.52,99.69,66.3,1.2305,1.57675,70.25,1.998,2006-08,22.649999618530273
2006-09-29,15.9208,68.932,11.98,0.53,99.64,66.3,1.2506,1.58495,62.48,2.171,2006-09,23.040000915527344
2006-10-31,16.0279,69.7352,11.1,0.51,99.56,63.4,1.2442,1.58772,59.03,2.173,2006-10,23.579999923706055
2006-11-30,15.9176,69.7946,10.91,0.5,99.66,66.2,1.1978,1.58645,64.26,2.228,2006-11,24.479999542236328
2006-12-29,16.2397,70.9471,11.56,0.52,99.67,66.2,1.2201,1.60887,60.86,2.496,2006-12,24.899999618530273
2007-01-31,16.5016,72.7064,10.42,0.48,99.63,62.7,1.2441,1.6214,57.4,2.587,2007-01,25.489999771118164
2007-02-28,15.5943,73.8236,15.42,0.47,99.71,64.3,1.2196,1.61335,61.89,2.423,2007-02,24.850000381469727
2007-03-30,15.6838,75.0068,14.64,0.48,99.73,64.3,1.2155,1.62335,68.1,2.457,2007-03,25.479999542236328
2007-04-30,16.2672,76.0235,14.22,0.49,99.76,61.5,1.2073,1.6477,67.65,2.517,2007-04,27.18000030517578
2007-05-31,15.9009,77.8749,13.05,0.47,99.72,60.0,1.2253,1.64845,68.04,2.812,2007-05,27.15999984741211
2007-06-29,15.339,78.7057,16.23,0.48,99.81,60.0,1.2215,1.65415,71.41,2.888,2007-06,26.420000076293945
2007-07-31,14.7464,79.0593,23.52,0.65,99.89,62.5,1.2011,1.64361,77.05,2.821,2007-07,25.780000686645508
2007-08-31,14.5193,80.1857,23.38,0.85,99.89,63.4,1.2084,1.647,72.69,2.613,2007-08,25.709999084472656
2007-09-28,14.7509,79.1709,18.0,0.9,100.03,63.4,1.1637,1.6603,79.17,2.508,2007-09,26.899999618530273
2007-10-31,15.0138,78.6579,18.53,0.86,99.95,61.5,1.1581,1.6778,90.63,2.495,2007-10,27.549999237060547
2007-11-30,14.8978,77.32,22.87,1.16,100.08,61.9,1.1318,1.65655,88.26,2.087,2007-11,27.360000610351562
2007-12-31,14.2193,78.0606,22.5,1.16,100.18,61.2,1.1335,1.65375,93.85,2.217,2007-12,25.989999771118164
2008-01-31,13.1309,76.4273,26.2,1.45,100.44,62.1,1.0814,1.6071,92.21,1.894,2008-01,24.969999313354492
2008-02-29,13.5744,72.5949,26.54,1.65,100.53,61.1,1.0412,1.58035,100.1,1.952,2008-02,25.43000030517578
2008-03-31,13.508,69.9022,25.61,1.88,100.87,57.1,0.9931,1.56775,100.3,1.538,2008-03,25.8799991607666
2008-04-30,15.9856,61.8249,20.79,1.64,100.73,56.6,1.0345,1.6164,111.36,2.484,2008-04,25.829999923706055
2008-05-30,16.1365,61.0845,17.83,1.59,100.8,56.6,1.0423,1.62105,127.78,2.573,2008-05,25.90999984741211
2008-06-30,14.9924,60.6427,23.95,1.7,101.24,54.7,1.021,1.60865,139.83,2.754,2008-06,23.790000915527344
2008-07-31,14.8398,62.6991,22.94,1.87,101.14,52.6,1.047,1.6337,123.98,2.549,2008-07,23.65999984741211
2008-08-29,14.4889,65.3402,20.65,1.96,100.97,52.6,1.1012,1.61577,114.05,2.322,2008-08,22.899999618530273
2008-09-30,12.5666,69.0688,39.39,3.11,101.21,48.9,1.1221,1.5813,98.17,1.396,2008-09,21.030000686645508
2008-10-31,11.8896,66.7206,59.89,4.12,101.25,46.6,1.1578,1.47682,65.32,1.14,2008-10,18.3700008392334
2008-11-28,11.1574,67.2145,55.84,4.36,101.28,46.6,1.2136,1.5408,53.49,1.187,2008-11,16.65999984741211
2008-12-31,11.1221,64.2029,40.0,4.61,101.73,35.2,1.0687,1.49296,45.59,0.571,2008-12,18.540000915527344
2009-01-30,10.8185,63.2308,44.84,4.36,101.62,35.2,1.1619,1.48555,45.88,0.606,2009-01,15.829999923706055
2009-02-27,10.4377,58.3231,46.35,4.42,101.9,36.3,1.1689,1.48225,46.35,0.624,2009-02,14.039999961853027
2009-03-31,11.2934,56.6162,44.14,4.53,101.89,33.0,1.1394,1.50995,49.23,0.532,2009-03,15.229999542236328
2009-04-30,12.0176,56.6738,36.5,3.85,101.36,35.5,1.1405,1.50887,50.8,0.484,2009-04,16.219999313354492
2009-05-29,12.6976,54.9262,28.92,3.17,101.47,35.5,1.0669,1.5099,65.52,0.47,2009-05,18.1299991607666
2009-06-30,12.6327,55.7634,26.35,2.91,101.37,42.0,1.0859,1.52445,69.3,0.477,2009-06,17.709999084472656
2009-07-31,13.5961,56.9721,25.92,2.33,101.02,43.7,1.0685,1.52306,71.7,0.343,2009-07,19.56999969482422
2009-08-31,13.8592,58.4564,26.01,2.14,100.92,49.5,1.059,1.5179,69.65,0.402,2009-08,20.780000686645508
2009-09-30,13.9278,59.1801,25.61,1.96,100.86,54.8,1.0363,1.51675,69.07,0.454,2009-09,21.719999313354492
2009-10-30,13.5113,60.5019,30.69,1.82,100.98,54.8,1.0263,1.51079,75.2,0.521,2009-10,21.3799991607666
2009-11-30,13.2519,61.4916,24.51,1.82,100.98,55.4,1.0053,1.50848,78.47,0.327,2009-11,22.09000015258789
2009-12-31,13.3255,63.9796,21.68,1.75,100.72,55.1,1.0352,1.48365,77.93,0.323,2009-12,22.260000228881836
2010-01-29,12.8417,65.4354,24.62,1.65,100.67,55.1,1.0606,1.47053,71.46,0.306,2010-01,21.290000915527344
2010-02-26,13.2112,65.9515,19.5,1.73,100.59,56.6,1.0735,1.46302,77.59,0.219,2010-02,21.889999389648438
2010-03-31,13.5485,66.1577,17.59,1.57,100.34,64.2,1.0539,1.42391,82.7,0.441,2010-03,23.100000381469727
2010-04-30,12.7503,67.8094,22.05,1.67,100.33,64.1,1.0776,1.43265,87.44,0.402,2010-04,21.920000076293945
2010-05-31,11.7193,70.3279,32.07,2.27,100.28,64.2,1.1549,1.42108,74.65,0.201,2010-05,19.579999923706055
2010-06-30,11.6701,68.7278,34.54,2.31,100.26,64.4,1.0774,1.31842,75.01,0.262,2010-06,19.989999771118164
2010-07-30,11.8822,68.6416,23.5,1.94,100.27,64.4,1.0412,1.3588,78.18,0.365,2010-07,21.219999313354492
2010-08-31,11.8719,68.2434,26.05,2.01,100.14,61.7,1.0151,1.28709,74.64,0.307,2010-08,21.56999969482422
2010-09-30,12.0596,68.2583,23.7,1.93,100.39,62.1,0.9825,1.33961,82.31,0.446,2010-09,22.81999969482422
2010-10-29,12.4223,68.2304,21.2,1.75,100.44,62.1,0.9824,1.37016,83.15,0.504,2010-10,23.520000457763672
2010-11-30,12.0539,68.6892,23.54,2.12,100.49,62.9,1.0034,1.30294,85.92,0.433,2010-11,22.709999084472656
2010-12-31,12.3834,68.1858,17.75,2.12,100.43,61.2,0.9352,1.2507,94.75,0.426,2010-12,25.079999923706055
2011-01-31,12.415,68.3422,19.53,1.94,100.48,60.6,0.944,1.29269,101.01,0.608,2011-01,24.760000228881836
2011-02-28,12.7447,67.9395,18.35,1.8,100.44,61.9,0.9289,1.28233,111.8,0.567,2011-02,25.700000762939453
2011-03-31,12.2734,67.9964,17.74,1.72,100.72,58.9,0.919,1.30118,117.36,0.71,2011-03,25.290000915527344
2011-04-29,12.8682,66.6463,14.75,1.65,100.76,58.9,0.8653,1.28133,125.89,0.738,2011-04,27.850000381469727
2011-05-31,12.9199,66.255,15.45,1.74,100.7,58.1,0.854,1.22948,116.73,0.54,2011-05,28.360000610351562
2011-06-30,12.3939,65.1968,16.52,1.92,100.88,53.6,0.8404,1.21876,112.48,0.313,2011-06,26.610000610351562
2011-07-29,12.084,62.4248,25.25,2.16,100.94,53.6,0.7855,1.13114,116.74,0.172,2011-07,26.31999969482422
2011-08-31,11.673,61.7211,31.62,2.96,101.17,52.3,0.806,1.15855,114.85,0.08,2011-08,24.670000076293945
2011-09-30,11.3047,63.5822,42.96,3.59,101.25,50.5,0.9082,1.21565,102.76,-0.016,2011-09,21.65999984741211
2011-10-31,12.07,61.8989,29.96,2.77,101.22,48.7,0.877,1.21521,109.56,0.031,2011-10,23.5
2011-11-30,11.8128,62.4033,27.8,3.5,101.37,46.1,0.9132,1.22785,110.52,0.056,2011-11,22.360000610351562
2011-12-30,12.0681,63.8345,23.4,3.32,101.11,46.1,0.9381,1.21679,107.38,-0.032,2011-12,22.6200008392334
2012-01-31,12.295,63.1844,19.44,2.76,100.81,48.0,0.9202,1.20395,110.98,0.042,2012-01,23.31999969482422
2012-02-29,12.8158,62.1582,18.43,2.36,100.67,48.2,0.9044,1.2053,122.66,0.017,2012-02,24.350000381469727
2012-03-30,12.931,62.7985,15.5,2.2,100.72,48.2,0.9025,1.20409,122.88,0.046,2012-03,25.030000686645508
2012-04-30,12.5897,63.0776,17.15,2.36,100.86,46.5,0.9075,1.20138,119.47,-0.001,2012-04,24.81999969482422
2012-05-31,11.5927,65.4642,24.06,2.6,101.0,45.8,0.9713,1.20115,101.87,-0.217,2012-05,22.25
2012-06-29,12.0199,65.3705,17.08,2.47,100.86,45.8,0.9485,1.20118,97.8,-0.238,2012-06,22.90999984741211
2012-07-31,12.6496,65.4212,18.93,2.24,100.58,46.5,0.9764,1.20127,104.92,-0.415,2012-07,23.280000686645508
2012-08-31,12.6537,65.3159,17.47,2.01,100.53,47.1,0.9549,1.20098,114.57,-0.301,2012-08,23.770000457763672
2012-09-28,12.8364,65.4862,15.73,1.86,100.48,47.1,0.9398,1.20849,112.39,-0.117,2012-09,24.59000015258789
2012-10-31,13.0333,65.5849,18.6,1.68,100.45,47.1,0.9315,1.20732,108.7,-0.159,2012-10,25.190000534057617
2012-11-30,13.5091,65.4287,15.87,1.59,100.36,49.1,0.9281,1.20532,111.23,-0.2,2012-11,26.170000076293945
2012-12-31,13.4131,65.9483,18.02,1.51,100.33,49.1,0.9154,1.20773,111.11,-0.214,2012-12,26.799999237060547
2013-01-31,14.4395,66.195,14.28,1.53,100.49,52.5,0.91,1.23557,115.55,0.05,2013-01,28.700000762939453
2013-02-28,14.5923,67.4369,15.51,1.53,100.41,49.9,0.9367,1.22295,111.38,0.014,2013-02,28.760000228881836
2013-03-29,14.8418,68.0566,12.7,1.56,100.35,49.9,0.9492,1.21687,110.02,-0.023,2013-03,29.360000610351562
2013-04-30,15.0735,67.7246,13.52,1.35,100.22,49.4,0.9293,1.22402,102.37,-0.111,2013-04,30.5
2013-05-31,14.7584,69.5446,16.3,1.27,100.29,52.4,0.9551,1.2414,100.39,-0.06,2013-05,29.729999542236328
2013-06-28,14.1975,69.9093,16.86,1.47,100.63,52.4,0.945,1.22916,102.16,0.02,2013-06,28.649999618530273
2013-07-31,14.4996,69.8115,13.45,1.4,100.58,55.5,0.9262,1.23207,107.7,-0.012,2013-07,29.850000381469727
2013-08-30,14.326,69.9577,17.01,1.34,100.62,55.5,0.9298,1.22945,114.01,0.03,2013-08,29.350000381469727
2013-09-30,14.915,69.585,16.6,1.37,100.47,56.5,0.9049,1.22391,108.37,-0.027,2013-09,31.280000686645508
2013-10-31,15.3881,69.2702,13.75,1.28,100.3,55.1,0.9069,1.23188,108.84,-0.018,2013-10,32.209999084472656
2013-11-29,15.4315,69.3443,13.7,1.22,100.34,55.1,0.9062,1.23162,109.69,-0.077,2013-11,32.279998779296875
2013-12-31,15.3768,69.2095,13.72,1.15,100.44,53.6,0.8929,1.22739,110.8,-0.057,2013-12,32.9900016784668
2014-01-31,15.2629,69.6095,18.41,1.21,100.35,56.3,0.9065,1.22236,106.4,-0.106,2014-01,32.0
2014-02-28,16.287,67.5596,14.0,1.12,100.31,56.8,0.8803,1.21486,109.07,-0.091,2014-02,34.220001220703125
2014-03-31,16.2243,67.7168,13.88,1.1,100.2,54.1,0.8846,1.21802,107.76,-0.053,2014-03,34.34000015258789
2014-04-30,16.3586,67.339,13.41,1.01,100.17,55.0,0.8804,1.22083,108.07,-0.034,2014-04,35.029998779296875
2014-05-30,16.5483,67.9993,11.4,1.01,99.98,55.0,0.8952,1.22056,109.41,-0.062,2014-05,35.2599983215332
2014-06-30,16.2567,68.2831,11.57,1.01,99.95,53.9,0.8868,1.21429,112.36,0.025,2014-06,34.31999969482422
2014-07-31,15.8806,68.8226,16.95,0.97,99.98,53.7,0.9088,1.21691,106.02,0.003,2014-07,32.79999923706055
2014-08-29,16.2106,69.3835,11.98,0.93,99.82,53.7,0.9182,1.2062,103.19,-0.02,2014-08,33.630001068115234
2014-09-30,16.1544,70.7171,16.31,0.9,99.7,51.7,0.9551,1.20626,94.67,-0.043,2014-09,32.5099983215332
2014-10-31,16.1119,70.8891,14.03,0.89,99.82,54.7,0.9626,1.20571,85.86,-0.051,2014-10,32.369998931884766
2014-11-28,16.4886,71.6422,13.33,0.88,99.8,54.7,0.9653,1.20215,70.15,-0.176,2014-11,33.189998626708984
2014-12-31,15.9804,72.6717,19.2,0.88,99.86,52.4,0.9943,1.20295,57.33,-0.283,2014-12,31.690000534057617
2015-01-30,16.5985,65.2163,20.97,0.84,99.39,52.4,0.9202,1.03917,52.99,-0.693,2015-01,31.75
2015-02-27,18.0865,64.4831,13.34,0.75,99.06,49.3,0.9543,1.06802,62.58,-0.872,2015-02,33.31999969482422
2015-03-31,18.0093,65.5335,15.29,0.99,98.79,47.9,0.9727,1.04377,55.11,-0.735,2015-03,33.209999084472656
2015-04-30,18.0514,64.9069,14.55,0.97,98.99,48.0,0.9324,1.04635,66.78,-0.82,2015-04,34.540000915527344
2015-05-29,17.9691,66.233,13.84,1.0,98.98,48.0,0.9403,1.03384,65.56,-0.88,2015-05,35.400001525878906
2015-06-30,17.0954,66.1191,18.23,1.22,99.3,50.3,0.9355,1.04184,63.59,-0.937,2015-06,32.75
2015-07-31,18.2197,66.6159,12.12,1.15,99.14,50.0,0.9663,1.06193,52.21,-0.774,2015-07,34.099998474121094
2015-08-31,16.9459,67.1613,28.43,1.25,99.67,51.2,0.9673,1.08441,54.15,-0.715,2015-08,31.81999969482422
2015-09-30,16.306,67.3685,24.5,1.48,99.77,48.2,0.9733,1.08793,48.37,-0.762,2015-09,30.59000015258789
2015-10-30,17.2955,66.9174,15.07,1.33,99.38,48.2,0.9879,1.08728,49.56,-0.84,2015-10,31.770000457763672
2015-11-30,17.3816,67.2004,16.13,1.3,99.17,48.5,1.029,1.08705,44.61,-1.095,2015-11,30.889999389648438
2015-12-31,17.3171,66.3142,18.21,1.34,99.61,49.7,1.0021,1.08822,37.28,-0.791,2015-12,31.040000915527344
2016-01-29,16.6482,65.3026,20.2,1.5,99.81,49.7,1.0231,1.10776,34.74,-0.928,2016-01,29.15999984741211
2016-02-29,16.7434,61.617,20.55,1.56,99.87,50.8,0.9984,1.08558,35.97,-1.084,2016-02,28.329999923706055
2016-03-31,16.9344,60.803,13.95,1.31,99.82,52.9,0.9618,1.09447,39.6,-0.864,2016-03,29.729999542236328
2016-04-29,17.1636,61.0468,15.7,1.22,99.81,52.9,0.9599,1.09812,48.13,-0.812,2016-04,30.610000610351562
2016-05-31,17.5425,61.5551,14.19,1.28,99.74,56.0,0.9939,1.1065,49.69,-0.817,2016-05,30.540000915527344
2016-06-30,17.2603,60.9258,15.63,1.37,99.83,51.6,0.976,1.08401,49.68,-1.071,2016-06,29.649999618530273
2016-07-29,17.5671,60.7648,11.87,1.14,99.75,51.6,0.9695,1.08323,42.46,-0.838,2016-07,30.209999084472656
2016-08-31,17.5878,61.3071,13.42,1.08,99.74,51.9,0.9839,1.09776,47.04,-0.855,2016-08,30.18000030517578
2016-09-30,17.3985,61.6017,13.29,1.15,99.77,54.9,0.9714,1.0915,49.06,-0.936,2016-09,30.549999237060547
2016-10-31,16.6974,61.9275,17.06,1.09,99.79,55.0,0.989,1.08599,48.3,-0.894,2016-10,29.010000228881836
2016-11-30,16.5694,62.7048,13.33,1.26,99.82,55.3,1.0173,1.07759,50.47,-0.92,2016-11,28.350000381469727
2016-12-30,16.8639,64.0603,14.04,1.23,99.59,55.3,1.019,1.07209,56.82,-0.957,2016-12,29.459999084472656
2017-01-31,17.1712,63.5203,11.99,1.2,99.77,54.8,0.9892,1.06813,55.7,-0.872,2017-01,30.729999542236328
2017-02-28,17.7201,63.4448,12.92,1.24,99.55,57.1,1.0058,1.06383,55.59,-0.959,2017-02,31.040000915527344
2017-03-31,17.8662,63.9191,12.37,1.18,99.45,58.5,1.0026,1.06898,52.83,-0.856,2017-03,31.979999542236328
2017-04-28,18.1379,64.2836,10.82,1.11,99.48,58.5,0.9946,1.08425,51.73,-0.85,2017-04,33.2400016784668
2017-05-31,18.3767,64.7658,10.41,1.09,99.57,56.4,0.9678,1.08815,50.31,-0.902,2017-05,34.93000030517578
2017-06-30,17.7862,66.1103,11.18,1.02,99.73,60.3,0.9579,1.09504,47.92,-0.799,2017-06,34.310001373291016
2017-07-31,17.9636,66.5146,10.26,0.92,99.84,60.7,0.9669,1.1449,52.65,-0.759,2017-07,34.470001220703125
2017-08-31,17.4706,67.5285,10.59,0.99,99.84,61.6,0.9587,1.14183,52.38,-0.824,2017-08,34.310001373291016
2017-09-29,17.8689,67.7445,9.51,0.96,99.75,61.6,0.9683,1.14399,57.54,-0.801,2017-09,35.029998779296875
2017-10-31,17.8532,68.6747,10.18,0.87,99.63,61.7,0.9976,1.16176,61.37,-0.844,2017-10,34.529998779296875
2017-11-30,17.8757,69.0075,11.28,0.88,99.76,64.2,0.9836,1.17085,63.57,-0.866,2017-11,34.97999954223633
2017-12-29,17.857,69.488,11.04,0.86,99.84,64.2,0.9743,1.17029,66.87,-0.898,2017-12,35.58000183105469
2018-01-31,17.701,69.7306,13.54,0.74,99.8,65.0,0.9313,1.15606,69.05,-0.767,2018-01,37.16999816894531
2018-02-28,16.6819,70.4416,19.85,0.8,99.87,63.9,0.9446,1.15179,65.78,-0.881,2018-02,34.91999816894531
2018-03-30,16.1894,71.4982,19.97,0.95,99.91,63.9,0.954,1.17536,70.27,-0.853,2018-03,34.369998931884766
2018-04-30,16.2855,72.4903,15.93,0.92,99.85,63.4,0.9909,1.19674,75.17,-0.715,2018-04,34.040000915527344
2018-05-31,15.5305,72.6862,15.43,1.18,99.92,63.1,0.9858,1.1528,77.59,-0.812,2018-05,33.27000045776367
2018-06-29,15.7344,73.1408,16.09,1.22,100.01,63.1,0.9906,1.15704,79.44,-0.742,2018-06,32.58000183105469
2018-07-31,16.5474,73.8635,12.83,1.1,99.98,62.8,0.9903,1.15794,74.25,-0.712,2018-07,34.70000076293945
2018-08-31,16.2159,74.0891,12.86,1.19,100.22,64.7,0.9689,1.12424,77.42,-0.742,2018-08,34.77000045776367
2018-09-28,16.206,74.881,12.12,1.14,100.19,64.7,0.9817,1.1398,82.72,-0.702,2018-09,34.689998626708984
2018-10-31,15.9135,75.4318,21.23,1.28,100.29,57.9,1.0085,1.14086,75.47,-0.728,2018-10,33.099998474121094
2018-11-30,15.9502,74.9471,18.07,1.49,100.27,57.2,0.9979,1.13087,58.71,-0.727,2018-11,33.209999084472656
2018-12-31,14.8503,75.0983,25.42,1.52,100.42,56.1,0.9821,1.12553,53.8,-0.75,2018-12,31.520000457763672
2019-01-31,16.051,74.239,16.57,1.42,100.13,54.5,0.9942,1.13814,61.89,-0.763,2019-01,33.31999969482422
2019-02-28,16.6732,74.7794,14.78,1.28,100.05,54.2,0.9982,1.13494,66.03,-0.749,2019-02,34.56999969482422
2019-03-29,16.9398,74.6982,13.71,1.23,99.92,54.2,0.9952,1.11635,68.39,-0.761,2019-03,35.369998931884766
2019-04-30,17.2313,75.6459,13.12,1.07,99.85,49.1,1.0193,1.1432,72.8,-0.756,2019-04,36.20000076293945
2019-05-31,16.9504,75.3008,18.71,1.28,100.03,48.9,1.0006,1.11781,64.49,-0.809,2019-05,35.959999084472656
2019-06-28,17.7092,74.7668,15.08,1.12,99.85,48.9,0.9763,1.11039,66.55,-0.893,2019-06,37.560001373291016
2019-07-31,17.6682,75.5803,16.12,0.99,99.71,45.7,0.994,1.10114,65.17,-1.014,2019-07,37.16999816894531
2019-08-30,17.5659,76.1816,18.98,1.09,99.71,45.7,0.9904,1.0888,60.43,-1.118,2019-08,37.470001220703125
2019-09-30,17.714,76.5929,16.24,1.11,99.58,44.7,0.9977,1.08753,60.78,-0.873,2019-09,37.70000076293945
2019-10-31,17.8212,76.7219,13.22,1.02,99.62,49.7,0.9864,1.10009,60.23,-0.761,2019-10,38.58000183105469
2019-11-29,18.0413,77.699,12.62,1.03,99.58,49.7,1.0002,1.10187,62.43,-0.78,2019-11,38.900001525878906
2019-12-31,18.2929,77.5258,13.78,0.93,99.59,48.7,0.9666,1.08559,66.0,-0.733,2019-12,40.63999938964844
2020-01-31,18.3098,77.7484,18.84,0.94,99.52,48.3,0.9634,1.06888,58.16,-0.797,2020-01,40.7400016784668
2020-02-28,16.9993,77.3749,40.11,1.14,99.76,48.3,0.9649,1.06458,50.52,-0.867,2020-02,37.880001068115234
2020-03-31,17.2722,71.9573,53.54,2.39,100.71,42.8,0.9611,1.06041,22.74,-0.622,2020-03,35.36000061035156
2020-04-30,18.6176,69.1212,34.15,1.86,100.46,40.5,0.9653,1.05776,25.27,-0.675,2020-04,36.880001068115234
2020-05-29,19.1321,68.675,27.51,1.68,100.39,40.5,0.9616,1.06745,35.33,-0.67,2020-05,38.310001373291016
2020-06-30,19.3384,69.062,30.43,1.49,100.31,41.4,0.9473,1.06419,41.15,-0.683,2020-06,38.959999084472656
2020-07-31,19.333,69.0168,24.46,1.28,100.48,50.1,0.9129,1.07584,43.3,-0.781,2020-07,40.529998779296875
2020-08-31,19.5005,69.4191,26.41,1.14,100.46,51.4,0.9037,1.07873,45.28,-0.791,2020-08,41.72999954223633
2020-09-30,19.129,71.0875,26.37,1.19,100.47,52.7,0.9209,1.07945,40.95,-0.785,2020-09,41.06999969482422
2020-10-30,17.8243,71.8759,38.02,1.16,100.53,52.7,0.917,1.06806,37.46,-0.806,2020-10,38.93000030517578
2020-11-30,18.9188,73.0294,20.57,0.94,100.1,55.4,0.9089,1.08405,47.59,-0.776,2020-11,42.529998779296875
2020-12-31,19.0995,74.0673,22.75,0.92,100.1,57.7,0.8852,1.0812,51.8,-0.798,2020-12,44.68000030517578
2021-01-29,18.6778,74.6586,33.09,0.93,100.13,57.7,0.8903,1.08102,55.88,-0.776,2021-01,44.029998779296875
2021-02-26,18.4454,75.1498,27.95,0.89,100.08,59.9,0.9085,1.09714,66.13,-0.748,2021-02,43.22999954223633
2021-03-31,19.1661,76.426,19.4,0.9,99.85,64.6,0.9436,1.10698,63.54,-0.768,2021-03,44.209999084472656
2021-04-30,18.9325,77.46,18.61,0.84,99.94,68.0,0.9131,1.09781,67.25,-0.748,2021-04,46.290000915527344
2021-05-31,19.3726,78.2269,16.76,0.85,99.88,68.8,0.8989,1.09905,69.32,-0.766,2021-05,48.72999954223633
2021-06-30,19.9964,79.462,15.83,0.83,99.78,67.0,0.925,1.09685,75.13,-0.754,2021-06,48.630001068115234
2021-07-30,20.2191,79.6458,18.24,0.83,99.72,67.0,0.9059,1.07474,76.33,-0.751,2021-07,50.2400016784668
2021-08-31,20.3528,80.9488,16.48,0.84,99.67,68.0,0.9151,1.08075,72.99,-0.731,2021-08,50.84000015258789
2021-09-30,18.8098,82.4118,23.14,0.84,99.73,67.3,0.9317,1.07857,78.52,-0.752,2021-09,46.58000183105469
2021-10-29,19.5615,82.4699,16.26,0.87,99.67,67.3,0.9161,1.05838,84.38,-0.67,2021-10,49.83000183105469
2021-11-30,19.2098,83.8068,27.19,1.08,99.74,63.6,0.9189,1.04161,70.57,-0.76,2021-11,49.380001068115234
2021-12-31,20.2356,84.4219,17.22,0.95,99.66,62.9,0.9129,1.03752,77.78,-0.719,2021-12,52.72999954223633
2022-01-31,18.932,85.0086,24.83,1.05,99.73,63.6,0.9272,1.04132,91.21,-0.416,2022-01,49.33000183105469
2022-02-28,18.8138,83.8925,30.15,1.44,100.05,62.1,0.9168,1.0286,100.99,-0.415,2022-02,47.939998626708984
2022-03-31,19.0819,83.9938,20.56,1.29,100.04,62.6,0.9225,1.02124,107.91,-0.121,2022-03,49.099998474121094
2022-04-29,18.8993,84.4296,33.4,1.51,100.13,62.6,0.9718,1.02615,109.34,0.064,2022-04,46.400001525878906
2022-05-31,18.0445,84.2873,26.19,1.62,100.26,60.5,0.9595,1.02965,122.84,0.06,2022-05,45.54999923706055
2022-06-30,16.4553,85.7786,28.71,2.18,100.58,59.1,0.9551,1.00114,114.81,0.087,2022-06,41.529998779296875
2022-07-29,17.483,84.0926,21.33,1.87,100.3,59.1,0.9524,0.97313,110.01,-0.014,2022-07,43.4900016784668
2022-08-31,17.0984,83.2998,25.87,2.02,100.72,57.0,0.9775,0.9829,96.49,0.614,2022-08,40.61000061035156
2022-09-30,15.9936,83.8054,31.62,2.25,101.17,56.4,0.987,0.9674,87.96,0.753,2022-09,37.45000076293945
2022-10-31,16.7407,83.9195,25.88,2.21,101.08,55.1,1.0013,0.98984,94.83,0.549,2022-10,39.11000061035156
2022-11-30,17.5591,82.1641,20.58,1.81,100.99,53.8,0.9457,0.98408,85.43,0.881,2022-11,42.88999938964844
2022-12-30,16.9847,81.9068,21.67,1.67,101.47,53.8,0.9245,0.98956,85.91,1.27,2022-12,41.93000030517578
2023-01-31,18.0084,81.3983,19.4,1.52,101.22,49.2,0.9162,0.9951,84.49,1.131,2023-01,45.25
2023-02-28,17.3746,83.1456,20.7,1.48,101.29,48.4,0.9422,0.99654,83.89,1.337,2023-02,43.369998931884766
2023-03-31,17.5703,82.721,18.7,1.7,101.34,46.2,0.9153,0.99218,79.77,1.285,2023-03,45.31999969482422
2023-04-28,18.1444,82.2324,15.78,1.62,101.46,46.2,0.8946,0.9854,79.54,1.088,2023-04,48.09000015258789
2023-05-31,17.4621,83.5345,17.94,1.71,101.48,43.9,0.9107,0.97339,72.66,1.017,2023-05,46.27000045776367
2023-06-30,17.5184,83.5968,13.59,1.63,101.62,45.1,0.8956,0.97697,74.9,1.23,2023-06,46.209999084472656
2023-07-31,17.9682,81.8128,13.63,1.47,101.6,40.1,0.8719,0.95878,85.56,1.171,2023-07,47.709999084472656
2023-08-31,17.5738,82.2107,13.57,1.55,101.68,39.9,0.8834,0.95787,86.86,1.086,2023-08,46.130001068115234
2023-09-29,16.821,84.1681,17.52,1.53,101.85,39.9,0.9153,0.96763,95.31,1.245,2023-09,43.56999969482422
2023-10-31,16.0124,83.9112,18.14,1.6,101.93,40.2,0.9104,0.9628,87.41,1.293,2023-10,41.91999816894531
2023-11-30,16.9295,82.8247,12.92,1.47,101.67,41.6,0.8752,0.95293,82.83,1.256,2023-11,45.41999816894531
2023-12-29,17.6501,81.2719,12.45,1.38,101.48,41.6,0.8414,0.92887,77.04,1.105,2023-12,48.27000045776367
2024-01-31,17.703,82.3305,14.35,1.31,101.45,43.1,0.8614,0.93187,81.71,1.08,2024-01,47.5099983215332
2024-02-29,18.1948,80.416,13.4,1.21,101.5,43.4,0.8845,0.95574,83.62,1.021,2024-02,46.81999969482422
2024-03-29,18.4197,81.6289,13.01,1.14,101.36,43.4,0.9014,0.97307,87.48,0.912,2024-03,47.599998474121094
2024-04-30,17.2876,83.6398,15.65,1.12,101.46,42.4,0.9194,0.98066,87.86,0.943,2024-04,45.36000061035156
2024-05-31,18.0384,84.9792,12.92,1.08,101.44,47.4,0.9023,0.97889,81.62,1.136,2024-05,49.15999984741211
2024-06-28,17.8044,85.7787,12.44,1.2,101.47,47.4,0.8988,0.96282,86.41,0.804,2024-06,48.209999084472656
2024-07-31,18.1876,86.215,16.36,1.1,101.38,45.7,0.878,0.95065,80.72,0.66,2024-07,50.41999816894531
2024-08-30,18.3827,86.1341,15.0,1.17,101.4,45.7,0.8496,0.93902,78.8,0.59,2024-08,52.849998474121094
2024-09-30,18.0013,86.3498,16.73,1.17,101.3,48.9,0.8456,0.94157,71.77,0.436,2024-09,52.099998474121094
2024-10-31,17.2885,87.1042,23.16,1.04,101.37,49.2,0.8641,0.94033,73.16,0.39,2024-10,49.349998474121094
2024-11-29,17.031,88.1226,13.51,1.08,101.17,49.2,0.881,0.93203,72.94,0.181,2024-11,48.189998626708984
2024-12-31,16.5228,89.7013,17.35,1.02,101.15,47.5,0.9074,0.94008,74.64,0.051,2024-12,45.959999084472656
2025-01-31,17.6608,90.9371,16.43,0.91,100.98,47.4,0.9109,0.94411,76.76,0.144,2025-01,49.56999969482422
2025-02-28,18.0251,91.6004,19.63,0.91,100.8,49.4,0.9031,0.93706,73.18,0.185,2025-02,51.72999954223633
2025-03-31,17.5377,91.217,22.28,0.98,101.1,48.8,0.8843,0.95637,74.74,0.151,2025-03,51.790000915527344
2025-04-30,17.6049,87.5625,24.7,1.12,101.19,46.5,0.8258,0.93601,63.12,-0.052,2025-04,53.86000061035156
2025-05-30,17.7267,88.2379,18.57,1.0,101.04,46.5,0.8224,0.93325,63.9,-0.181,2025-05,55.18000030517578
2025-06-30,17.2676,88.5439,16.73,0.92,101.22,48.7,0.7931,0.93482,67.61,-0.048,2025-06,54.810001373291016
2025-07-31,17.1381,88.7523,16.72,0.79,101.11,49.5,0.8123,0.92736,72.53,-0.082,2025-07,52.720001220703125
2025-08-29,17.5341,89.1537,15.36,0.84,101.18,49.5,0.8005,0.93554,68.12,-0.103,2025-08,55.33000183105469
2025-09-30,17.3024,89.5172,16.28,0.79,101.17,46.1,0.7964,0.9345,67.02,-0.096,2025-09,55.2400016784668
2025-10-31,17.4117,90.2879,17.44,0.77,101.02,48.1,0.8046,0.9283,65.07,-0.138,2025-10,55.36000061035156
2025-11-28,18.079,90.769,16.35,0.83,101.06,48.1,0.804,0.93216,63.2,-0.112,2025-11,57.81999969482422
2025-12-31,18.7727,90.2254,14.95,0.78,101.08,46.4,0.7926,0.93073,60.85,-0.052,2025-12,59.959999084472656
2026-01-30,18.897,89.4222,17.44,0.74,101.02,46.4,0.773,0.91632,70.69,-0.132,2026-01,61.540000915527344
2026-02-27,20.0544,89.0862,19.86,0.83,100.88,48.8,0.7693,0.90853,72.48,-0.131,2026-02,65.08000183105469
2026-03-31,17.9098,91.1429,25.25,0.97,101.2,53.3,0.7995,0.92369,118.35,0.103,2026-03,58.810001373291016
2026-04-30,18.3292,91.5778,16.89,0.82,101.07,54.5,0.7814,0.9165,114.01,0.179,2026-04,61.369998931884766
