Date,BEst P/E Ratio,BEst EPS,USDJPY BGN Curncy,GSJPFCI Index,GJGB2 Index,CL1 Comdty (YEN),LJC1OAS Index,VIX Index,JPYPMI,Month,Price
2005-12-30,19.6965,50.8186,117.75,98.93,0.292,7200.89,0.13,12.07,55.3,2005-12,54.08000183105469
2006-01-31,20.0923,51.9005,117.2,98.84,0.299,7936.45,0.14,12.95,57.0,2006-01,56.08000183105469
2006-02-28,19.193,53.2892,115.77,99.03,0.475,7111.89,0.14,12.34,56.8,2006-02,55.20000076293945
2006-03-31,20.2498,52.4958,117.78,98.91,0.69,7829.02,0.15,11.39,56.1,2006-03,57.599998474121094
2006-04-28,19.7854,53.5005,113.83,99.14,0.675,8180.66,0.17,11.59,56.1,2006-04,59.20000076293945
2006-05-31,18.0381,54.0141,112.64,99.32,0.84,8010.86,0.14,16.44,55.3,2006-05,56.0
2006-06-30,17.964,54.6703,114.44,99.27,0.849,8462.77,0.22,13.08,54.3,2006-06,54.560001373291016
2006-07-31,17.6288,55.4581,114.68,99.3,0.834,8528.47,0.24,14.95,55.4,2006-07,54.279998779296875
2006-08-31,18.1193,56.1236,117.4,98.89,0.65,8246.42,0.23,12.31,54.6,2006-08,54.84000015258789
2006-09-29,17.6924,56.674,118.18,98.88,0.66,7424.64,0.23,11.98,54.6,2006-09,54.15999984741211
2006-10-31,17.8516,56.7035,116.98,98.9,0.735,6854.97,0.23,11.1,54.1,2006-10,55.2400016784668
2006-11-30,17.586,57.2143,115.81,98.87,0.821,7306.03,0.22,10.91,53.7,2006-11,55.2400016784668
2006-12-29,18.404,57.6993,119.06,98.57,0.805,7269.83,0.21,11.56,53.7,2006-12,56.84000015258789
2007-01-31,18.7169,58.0785,120.7,98.5,0.728,7029.71,0.2,10.42,53.4,2007-01,57.2400016784668
2007-02-28,18.6465,59.3918,118.56,98.6,0.835,7315.32,0.19,15.42,53.0,2007-02,59.040000915527344
2007-03-30,18.2224,59.4533,117.83,98.64,0.82,7745.65,0.19,14.64,53.0,2007-03,58.279998779296875
2007-04-30,18.0234,59.6335,119.53,98.44,0.871,7844.46,0.18,14.22,52.3,2007-04,57.119998931884766
2007-05-31,18.7959,59.2268,121.73,98.32,0.984,7797.06,0.17,13.05,51.4,2007-05,58.400001525878906
2007-06-29,18.8411,59.72,123.17,98.26,1.025,8712.02,0.17,16.23,51.4,2007-06,58.040000915527344
2007-07-31,17.752,60.9835,118.62,98.53,0.986,9324.2,0.22,23.52,49.0,2007-07,57.720001220703125
2007-08-31,16.819,60.8128,115.77,98.72,0.88,8582.72,0.26,23.38,49.6,2007-08,56.279998779296875
2007-09-28,16.9212,61.0593,114.81,98.7,0.87,9374.57,0.27,18.0,49.6,2007-09,57.36000061035156
2007-10-31,16.777,61.4776,115.44,98.54,0.79,10888.91,0.27,18.53,49.5,2007-10,57.439998626708984
2007-11-30,15.7888,61.6923,111.24,98.87,0.77,9835.28,0.35,22.87,50.8,2007-11,56.279998779296875
2007-12-31,15.3533,61.3309,111.75,98.85,0.715,10729.6,0.35,22.5,52.3,2007-12,53.15999984741211
2008-01-31,14.0767,60.7528,106.45,99.29,0.55,9765.87,0.38,26.2,52.3,2008-01,50.880001068115234
2008-02-29,14.1076,59.7473,103.74,99.39,0.565,10612.75,0.43,26.54,50.8,2008-02,50.119998931884766
2008-03-31,12.8848,59.4972,99.7,99.83,0.575,10143.78,0.55,25.61,49.5,2008-03,49.47999954223633
2008-04-30,15.0563,57.3355,103.92,99.43,0.785,11841.82,0.47,20.79,48.6,2008-04,53.119998931884766
2008-05-30,15.9942,55.8821,105.52,99.38,0.915,13437.97,0.42,17.83,48.6,2008-05,54.15999984741211
2008-06-30,14.5649,57.3865,106.21,99.38,0.805,14866.6,0.46,23.95,46.5,2008-06,49.880001068115234
2008-07-31,15.1072,54.488,107.92,99.23,0.79,13398.16,0.47,22.94,47.0,2008-07,48.0
2008-08-29,14.693,54.0038,108.8,99.36,0.726,12559.74,0.5,20.65,47.0,2008-08,45.63999938964844
2008-09-30,12.7707,53.5478,106.11,100.05,0.764,10686.96,0.68,39.39,44.3,2008-09,42.63999938964844
2008-10-31,11.13,48.5014,98.47,101.34,0.553,6663.01,0.79,59.89,42.2,2008-10,36.0
2008-11-28,13.736,37.5909,95.53,101.77,0.601,5201.88,0.85,55.84,42.2,2008-11,34.63999938964844
2008-12-31,17.6585,30.0621,90.64,101.74,0.38,4049.23,0.94,40.0,30.8,2008-12,38.31999969482422
2009-01-30,20.6577,23.7282,89.92,102.26,0.406,3748.28,0.95,44.84,30.8,2009-01,33.720001220703125
2009-02-27,32.7985,14.2598,97.58,101.85,0.405,4384.69,0.99,46.35,29.6,2009-02,29.479999542236328
2009-03-31,36.0267,13.2654,98.96,101.58,0.42,4933.72,1.01,44.14,33.8,2009-03,31.600000381469727
2009-04-30,39.1816,13.3195,98.63,101.36,0.392,5055.26,0.87,36.5,41.4,2009-04,34.040000915527344
2009-05-29,37.5024,14.8849,95.34,101.33,0.359,6338.57,0.76,28.92,41.4,2009-05,37.47999954223633
2009-06-30,36.442,15.7499,96.36,101.1,0.32,6731.8,0.73,26.35,48.2,2009-06,37.720001220703125
2009-07-31,31.7605,18.5866,94.68,101.12,0.285,6572.05,0.69,25.92,50.4,2009-07,39.47999954223633
2009-08-31,28.5214,20.9583,93.12,101.19,0.254,6494.39,0.65,26.01,53.6,2009-08,40.880001068115234
2009-09-30,24.4627,23.0339,89.71,101.41,0.25,6332.3,0.57,25.61,54.5,2009-09,39.7599983215332
2009-10-30,22.2475,24.9646,90.09,101.45,0.264,6930.0,0.53,30.69,54.5,2009-10,38.20000076293945
2009-11-30,19.4408,26.9125,86.41,101.75,0.234,6670.04,0.5,24.51,52.3,2009-11,38.2400016784668
2009-12-31,19.8866,28.6298,93.03,101.09,0.152,7391.59,0.5,21.68,53.8,2009-12,38.959999084472656
2010-01-29,18.8987,29.8925,90.27,101.39,0.164,6595.09,0.48,24.62,53.8,2010-01,39.36000061035156
2010-02-26,18.1925,30.7703,88.97,101.5,0.165,7077.79,0.46,19.5,52.5,2010-02,39.7599983215332
2010-03-31,19.8035,30.9677,93.47,100.95,0.181,7826.53,0.44,17.59,52.7,2010-03,41.7599983215332
2010-04-30,18.4306,33.4112,93.85,100.83,0.17,8101.55,0.41,22.05,53.8,2010-04,41.560001373291016
2010-05-31,15.7543,34.7879,91.27,101.48,0.17,6715.0,0.43,32.07,54.7,2010-05,38.040000915527344
2010-06-30,14.6746,35.5608,88.43,101.64,0.155,6699.31,0.43,34.54,53.9,2010-06,36.79999923706055
2010-07-30,14.4847,36.5254,86.47,101.64,0.155,6826.02,0.4,23.5,53.9,2010-07,38.52000045776367
2010-08-31,13.5173,37.0465,84.2,101.94,0.126,6049.19,0.38,26.05,50.1,2010-08,37.52000045776367
2010-09-30,13.9811,36.9819,83.53,101.7,0.141,6674.3,0.36,23.7,49.5,2010-09,39.560001373291016
2010-10-29,13.7728,36.9372,80.4,101.94,0.145,6554.3,0.3,21.2,49.5,2010-10,40.08000183105469
2010-11-30,14.4908,37.2712,83.69,101.79,0.2,7032.44,0.27,23.54,47.3,2010-11,41.08000183105469
2010-12-31,14.9224,37.681,81.12,101.76,0.18,7419.14,0.27,17.75,48.3,2010-12,43.63999938964844
2011-01-31,14.9339,38.0805,82.04,101.7,0.205,7556.81,0.26,19.53,51.4,2011-01,43.720001220703125
2011-02-28,15.0521,39.4915,81.78,101.62,0.25,7936.99,0.25,18.35,52.9,2011-02,46.119998931884766
2011-03-31,13.9958,38.6386,83.13,101.66,0.21,8839.62,0.52,17.74,46.4,2011-03,41.279998779296875
2011-04-29,14.5863,36.4259,81.19,101.72,0.205,9254.53,0.6,14.75,46.4,2011-04,42.119998931884766
2011-05-31,14.4162,36.2905,81.52,101.77,0.184,8353.62,0.31,15.45,51.3,2011-05,41.08000183105469
2011-06-30,14.0974,37.414,80.56,101.74,0.175,7687.04,0.32,16.52,50.7,2011-06,41.720001220703125
2011-07-29,13.5157,38.6061,76.76,102.0,0.155,7386.13,0.31,25.25,50.7,2011-07,42.84000015258789
2011-08-31,12.2069,38.8943,76.66,102.23,0.14,6795.74,0.34,31.62,51.9,2011-08,39.400001525878906
2011-09-30,11.9702,38.9801,77.06,102.48,0.147,6109.49,0.37,42.96,49.3,2011-09,37.84000015258789
2011-10-31,12.4453,37.8311,78.17,102.22,0.152,7264.16,0.39,29.96,50.6,2011-10,37.599998474121094
2011-11-30,12.1748,36.7752,77.62,102.48,0.141,7784.93,0.43,27.8,49.1,2011-11,37.720001220703125
2011-12-30,12.2625,36.4469,76.91,102.54,0.136,7608.92,0.43,23.4,49.1,2011-12,36.439998626708984
2012-01-31,12.8334,36.0723,76.27,102.44,0.128,7513.04,0.42,19.44,50.7,2012-01,38.20000076293945
2012-02-29,14.4645,35.6729,81.15,101.74,0.112,8673.74,0.43,18.43,50.5,2012-02,39.959999084472656
2012-03-30,14.4502,36.4411,82.87,101.59,0.118,8512.54,0.39,15.5,50.5,2012-03,40.720001220703125
2012-04-30,13.3653,37.0034,79.82,101.93,0.108,8371.77,0.39,17.15,50.7,2012-04,38.959999084472656
2012-05-31,11.7614,37.5966,78.32,102.47,0.105,6783.95,0.43,24.06,50.7,2012-05,35.560001373291016
2012-06-29,12.3816,38.1688,79.79,102.1,0.114,6779.81,0.42,17.08,50.7,2012-06,37.63999938964844
2012-07-31,11.6408,38.7877,78.12,102.34,0.103,6880.13,0.42,18.93,47.9,2012-07,35.959999084472656
2012-08-31,11.5705,38.8236,78.39,102.34,0.095,7555.53,0.45,17.47,47.7,2012-08,36.2400016784668
2012-09-28,11.6529,38.8169,77.96,102.28,0.098,7183.44,0.38,15.73,47.7,2012-09,36.68000030517578
2012-10-31,11.9455,38.1775,79.77,102.06,0.1,6886.26,0.37,18.6,46.9,2012-10,36.2400016784668
2012-11-30,12.6349,38.1238,82.48,101.69,0.098,7336.85,0.4,15.87,46.5,2012-11,37.31999969482422
2012-12-31,13.8366,38.3887,86.75,101.16,0.098,7953.45,0.4,18.02,45.0,2012-12,39.0
2013-01-31,14.5864,39.8446,91.71,100.57,0.075,8903.76,0.38,14.28,47.7,2013-01,39.880001068115234
2013-02-28,14.6048,41.2906,92.56,100.39,0.051,8502.66,0.37,15.51,48.5,2013-02,40.84000015258789
2013-03-29,15.1629,42.1793,94.22,100.11,0.052,9146.43,0.33,12.7,48.5,2013-03,43.20000076293945
2013-04-30,16.1814,44.5283,97.45,99.58,0.128,9115.15,0.32,13.52,51.1,2013-04,46.79999923706055
2013-05-31,14.9231,47.1898,100.45,99.64,0.146,9277.01,0.29,16.3,51.5,2013-05,43.36000061035156
2013-06-28,14.536,48.4502,99.14,99.78,0.132,9591.3,0.29,16.86,51.5,2013-06,44.880001068115234
2013-07-31,14.0883,49.793,97.88,99.85,0.117,10326.55,0.28,13.45,50.7,2013-07,44.880001068115234
2013-08-30,13.5371,50.5679,98.17,99.9,0.108,10572.31,0.27,17.01,50.7,2013-08,43.47999954223633
2013-09-30,14.459,50.9883,98.27,99.62,0.108,10049.83,0.26,16.6,52.5,2013-09,47.68000030517578
2013-10-31,14.2877,51.5813,98.36,99.53,0.098,9475.12,0.25,13.75,54.2,2013-10,47.63999938964844
2013-11-29,14.888,52.391,102.44,99.18,0.089,9500.09,0.24,13.7,54.2,2013-11,48.2400016784668
2013-12-31,15.1292,53.3166,105.31,98.99,0.094,10359.69,0.24,13.72,55.2,2013-12,48.560001373291016
2014-01-31,14.0709,53.4769,102.04,99.34,0.082,9966.4,0.23,18.41,56.6,2014-01,45.31999969482422
2014-02-28,13.9928,53.514,101.8,99.31,0.074,10471.36,0.23,14.0,55.5,2014-02,46.439998626708984
2014-03-31,13.7154,53.9676,103.23,99.23,0.089,10469.85,0.22,13.88,53.9,2014-03,45.31999969482422
2014-04-30,13.2913,53.8066,102.24,99.35,0.092,10187.44,0.22,13.41,49.4,2014-04,44.31999969482422
2014-05-30,13.8634,53.4139,101.77,99.3,0.09,10453.82,0.21,11.4,49.4,2014-05,46.31999969482422
2014-06-30,14.6214,53.0231,101.33,99.19,0.073,10672.93,0.21,11.57,51.5,2014-06,48.15999984741211
2014-07-31,14.6748,53.9361,102.8,99.08,0.067,10096.78,0.21,16.95,50.5,2014-07,48.0
2014-08-29,14.2829,54.7537,104.09,99.0,0.075,9982.72,0.2,11.98,50.5,2014-08,47.20000076293945
2014-09-30,14.785,55.1125,109.65,98.68,0.077,9996.61,0.2,16.31,51.7,2014-09,47.08000183105469
2014-10-31,14.7075,55.8784,112.32,98.5,0.033,9031.76,0.21,14.03,52.4,2014-10,48.2400016784668
2014-11-28,15.187,57.4545,118.63,98.06,0.008,7852.67,0.23,13.33,52.4,2014-11,46.47999954223633
2014-12-31,14.7982,58.6523,119.78,98.04,-0.022,6383.88,0.23,19.2,52.0,2014-12,44.959999084472656
2015-01-30,14.6037,59.587,117.49,98.28,0.009,5664.34,0.24,20.97,52.0,2015-01,45.959999084472656
2015-02-27,15.7002,59.8125,119.63,98.02,0.018,5958.26,0.23,13.34,52.2,2015-02,49.400001525878906
2015-03-31,15.7346,60.3986,120.13,98.05,0.046,5709.62,0.24,15.29,50.3,2015-03,50.119998931884766
2015-04-30,16.5235,59.4101,119.38,97.87,0.012,7134.73,0.24,14.55,49.9,2015-04,51.439998626708984
2015-05-29,17.2518,59.7432,124.15,97.62,0.004,7483.83,0.24,13.84,49.9,2015-05,52.20000076293945
2015-06-30,16.3446,61.0648,122.5,97.79,0.009,7262.48,0.25,18.23,50.1,2015-06,51.2400016784668
2015-07-31,16.2006,62.6675,123.89,97.77,0.01,5841.94,0.26,12.12,51.2,2015-07,51.720001220703125
2015-08-31,14.814,63.1246,121.23,98.24,0.015,5965.5,0.26,28.43,51.7,2015-08,48.47999954223633
2015-09-30,13.5797,63.0181,119.88,98.49,0.02,5395.92,0.26,24.5,51.0,2015-09,45.720001220703125
2015-10-30,15.0838,62.9231,120.62,98.16,0.007,5623.41,0.28,15.07,51.0,2015-10,49.279998779296875
2015-11-30,15.152,63.3329,123.11,98.08,-0.005,5129.2,0.28,16.13,52.6,2015-11,49.52000045776367
2015-12-31,14.7852,63.469,120.22,98.31,-0.009,4452.21,0.29,18.21,52.6,2015-12,48.47999954223633
2016-01-29,13.6692,63.4036,121.14,98.37,-0.072,4066.34,0.29,20.2,52.6,2016-01,46.0
2016-02-29,12.9476,60.6771,112.69,98.98,-0.235,3811.39,0.41,20.55,50.1,2016-02,43.560001373291016
2016-03-31,13.4924,60.2265,112.57,98.72,-0.184,4313.25,0.44,13.95,49.1,2016-03,45.63999938964844
2016-04-29,13.7705,58.7828,106.5,99.07,-0.236,4905.63,0.46,15.7,49.1,2016-04,45.68000030517578
2016-05-31,14.5694,56.9995,110.73,98.89,-0.233,5434.39,0.47,14.19,47.7,2016-05,47.15999984741211
2016-06-30,13.3243,56.1566,103.2,99.47,-0.295,4987.17,0.49,15.63,48.1,2016-06,46.0
2016-07-29,14.3575,55.4344,102.06,99.44,-0.25,4257.76,0.48,11.87,48.1,2016-07,48.2400016784668
2016-08-31,14.5555,55.3804,103.43,99.42,-0.196,4616.62,0.48,13.42,49.5,2016-08,49.119998931884766
2016-09-30,14.2787,55.7326,101.35,99.54,-0.287,4892.98,0.51,13.29,50.4,2016-09,50.15999984741211
2016-10-31,14.747,56.7375,104.82,99.3,-0.239,4919.83,0.45,17.06,51.4,2016-10,50.52000045776367
2016-11-30,15.3396,57.7178,114.46,98.76,-0.157,5642.59,0.39,13.33,51.3,2016-11,49.88999938964844
2016-12-30,15.3612,59.5004,116.96,98.6,-0.18,6265.9,0.39,14.04,51.3,2016-12,48.86000061035156
2017-01-31,15.2314,60.0708,112.8,98.75,-0.194,5967.53,0.39,11.99,52.7,2017-01,50.56999969482422
2017-02-28,14.9372,61.5397,112.77,98.75,-0.263,6045.88,0.41,12.92,53.3,2017-02,51.22999954223633
2017-03-31,14.6058,61.9815,111.39,98.82,-0.186,5632.29,0.41,12.37,52.4,2017-03,51.5
2017-04-28,14.4234,63.4446,111.49,98.75,-0.209,5496.35,0.39,10.82,52.4,2017-04,51.86000061035156
2017-05-31,14.372,65.0301,110.78,98.72,-0.158,5347.57,0.37,10.41,53.1,2017-05,53.290000915527344
2017-06-30,14.5527,65.8742,112.39,98.53,-0.12,5172.59,0.33,11.18,52.4,2017-06,53.650001525878906
2017-07-31,14.3831,66.8675,110.26,98.58,-0.113,5539.27,0.32,10.26,52.1,2017-07,54.7599983215332
2017-08-31,14.0611,68.0744,109.98,98.53,-0.161,5202.38,0.33,10.59,52.2,2017-08,54.709999084472656
2017-09-29,14.4855,68.4422,112.51,98.36,-0.121,5819.08,0.32,9.51,52.2,2017-09,55.709999084472656
2017-10-31,15.0127,69.729,113.64,98.22,-0.16,6181.92,0.35,10.18,52.8,2017-10,58.650001525878906
2017-11-30,15.0214,70.6705,112.54,98.19,-0.156,6458.07,0.35,11.28,53.6,2017-11,59.90999984741211
2017-12-29,15.0275,71.5296,112.69,98.1,-0.132,6802.08,0.34,11.04,53.6,2017-12,59.93000030517578
2018-01-31,15.1795,71.7573,109.19,98.18,-0.131,7078.87,0.34,13.54,54.8,2018-01,62.939998626708984
2018-02-28,13.7811,76.0767,106.68,98.46,-0.156,6578.84,0.35,19.85,54.1,2018-02,61.06999969482422
2018-03-30,13.3739,75.8893,106.28,98.49,-0.133,6910.92,0.36,19.97,54.1,2018-03,60.68000030517578
2018-04-30,13.7988,76.1826,109.34,98.32,-0.132,7482.36,0.36,15.93,53.8,2018-04,60.63999938964844
2018-05-31,13.669,75.5548,108.82,98.48,-0.142,7289.93,0.37,15.43,52.8,2018-05,59.7400016784668
2018-06-29,13.4183,76.406,110.76,98.47,-0.115,8214.34,0.37,16.09,52.8,2018-06,57.90999984741211
2018-07-31,13.5176,76.9507,111.86,98.44,-0.106,7687.37,0.38,12.83,52.3,2018-07,58.529998779296875
2018-08-31,13.4106,76.9797,111.03,98.6,-0.112,7753.38,0.38,12.86,52.5,2018-08,58.220001220703125
2018-09-28,13.9648,77.488,113.7,98.36,-0.111,8313.88,0.38,12.12,52.5,2018-09,60.22999954223633
2018-10-31,12.6772,77.6229,112.94,98.68,-0.123,7383.3,0.4,21.23,52.9,2018-10,54.84000015258789
2018-11-30,12.879,77.1596,113.57,98.57,-0.129,5787.69,0.41,18.07,52.2,2018-11,55.34000015258789
2018-12-31,11.7523,76.1299,109.69,98.95,-0.141,4979.66,0.44,25.42,52.6,2018-12,50.689998626708984
2019-01-31,12.3793,76.0585,108.89,98.81,-0.164,5853.43,0.5,16.57,50.3,2019-01,54.279998779296875
2019-02-28,13.0418,73.795,111.39,98.62,-0.152,6370.3,0.48,14.78,48.9,2019-02,54.36000061035156
2019-03-29,12.9707,73.5232,110.86,98.67,-0.169,6661.71,0.49,13.71,48.9,2019-03,54.720001220703125
2019-04-30,13.281,73.2513,111.42,98.64,-0.149,7114.46,0.48,13.12,50.2,2019-04,55.41999816894531
2019-05-31,12.8345,70.9434,108.29,99.02,-0.171,5805.82,0.48,18.71,49.8,2019-05,52.720001220703125
2019-06-28,13.18,71.0245,107.85,98.9,-0.217,6307.74,0.51,15.08,49.8,2019-06,54.58000183105469
2019-07-31,13.3003,71.0215,108.78,98.89,-0.202,6361.2,0.51,16.12,49.4,2019-07,54.349998474121094
2019-08-30,13.0853,69.8342,106.28,99.16,-0.296,5860.44,0.57,18.98,49.4,2019-08,53.91999816894531
2019-09-30,13.7569,69.7841,108.08,98.98,-0.315,5847.67,0.59,16.24,48.9,2019-09,56.7400016784668
2019-10-31,14.5004,69.4339,108.03,98.85,-0.23,5850.36,0.55,13.22,48.4,2019-10,58.68000030517578
2019-11-29,14.6764,69.876,109.49,98.78,-0.169,6035.6,0.54,12.62,48.4,2019-11,59.43000030517578
2019-12-31,14.8774,69.7433,108.61,98.74,-0.131,6629.9,0.51,13.78,48.4,2019-12,59.2400016784668
2020-01-31,14.566,70.0735,108.35,98.83,-0.143,5590.14,0.51,18.84,48.8,2020-01,57.75
2020-02-28,13.6525,67.5722,107.89,99.08,-0.248,4841.24,0.52,40.11,48.8,2020-02,52.959999084472656
2020-03-31,13.5239,62.7587,107.54,99.52,-0.135,2207.33,0.6,53.54,44.8,2020-03,49.38999938964844
2020-04-30,16.3686,54.1343,107.18,99.38,-0.175,2014.56,0.67,34.15,41.9,2020-04,51.7599983215332
2020-05-29,18.3356,51.568,107.83,99.22,-0.151,3826.18,0.65,27.51,41.9,2020-05,55.40999984741211
2020-06-30,18.7185,50.5103,107.93,99.17,-0.131,4234.48,0.62,30.43,40.1,2020-06,54.91999816894531
2020-07-31,18.008,50.6391,105.83,99.29,-0.121,4262.18,0.61,24.46,45.2,2020-07,54.33000183105469
2020-08-31,19.2377,51.1528,105.91,99.07,-0.108,4508.99,0.58,26.41,47.2,2020-08,58.02000045776367
2020-09-30,18.9325,51.8565,105.48,99.11,-0.127,4244.42,0.59,26.37,47.7,2020-09,59.06999969482422
2020-10-30,17.759,53.8808,104.66,99.19,-0.115,3745.78,0.57,38.02,47.7,2020-10,58.2400016784668
2020-11-30,19.2411,55.7905,104.31,98.86,-0.118,4728.51,0.54,20.57,49.0,2020-11,64.38999938964844
2020-12-31,19.0926,57.9056,103.25,98.78,-0.115,5012.12,0.47,22.75,50.0,2020-12,67.55999755859375
2021-01-29,18.7073,59.3261,104.68,98.7,-0.111,5465.34,0.46,33.09,50.0,2021-01,66.98999786376953
2021-02-26,18.61,61.5835,106.57,98.59,-0.106,6558.98,0.44,27.95,49.8,2021-02,68.22000122070312
2021-03-31,18.621,64.0545,110.72,98.28,-0.124,6543.69,0.45,19.4,52.7,2021-03,68.5199966430664
2021-04-30,17.32,67.0831,109.31,98.35,-0.122,6949.29,0.43,18.61,53.6,2021-04,67.41999816894531
2021-05-31,16.201,72.8375,109.58,98.21,-0.126,7280.61,0.42,16.76,53.0,2021-05,68.58000183105469
2021-06-30,15.9734,74.6646,111.11,98.19,-0.093,8161.78,0.41,15.83,52.4,2021-06,67.54000091552734
2021-07-30,15.3874,75.6656,109.72,98.33,-0.116,8118.97,0.4,18.24,52.4,2021-07,67.11000061035156
2021-08-31,15.2833,78.5706,110.02,98.25,-0.126,7532.94,0.41,16.48,52.7,2021-08,68.4000015258789
2021-09-30,15.7732,78.9111,111.29,98.18,-0.123,8361.34,0.4,23.14,51.5,2021-09,70.25
2021-10-29,15.5069,79.2628,113.95,98.02,-0.095,9534.5,0.39,16.26,51.5,2021-10,68.4000015258789
2021-11-30,14.6674,81.3663,113.17,98.16,-0.124,7485.62,0.39,27.19,54.5,2021-11,66.33000183105469
2021-12-31,14.6426,84.1372,115.08,97.97,-0.089,8651.41,0.37,17.22,54.3,2021-12,66.95999908447266
2022-01-31,13.4717,86.8569,115.11,98.15,-0.049,10148.71,0.36,24.83,55.4,2022-01,64.08000183105469
2022-02-28,13.3469,86.6185,115.0,98.18,-0.025,11018.33,0.38,30.15,52.7,2022-02,62.939998626708984
2022-03-31,13.6503,88.002,121.7,97.74,-0.03,12190.04,0.42,20.56,54.1,2022-03,61.61000061035156
2022-04-29,13.261,88.1792,129.7,97.54,-0.054,13576.2,0.43,33.4,54.1,2022-04,56.619998931884766
2022-05-31,13.5619,86.9654,128.67,97.56,-0.072,14740.83,0.45,26.19,53.3,2022-05,57.599998474121094
2022-06-30,12.9676,88.3416,135.72,97.33,-0.058,14348.46,0.48,28.71,52.7,2022-06,52.83000183105469
2022-07-29,13.2703,89.7583,133.27,97.41,-0.077,13147.03,0.53,21.33,52.7,2022-07,56.150001525878906
2022-08-31,13.1979,91.1935,138.96,97.24,-0.082,12421.48,0.52,25.87,51.5,2022-08,53.59000015258789
2022-09-30,12.3501,90.4017,144.74,97.3,-0.049,11503.79,0.54,31.62,50.8,2022-09,48.849998474121094
2022-10-31,13.0314,90.5834,148.71,97.03,-0.046,12860.95,0.55,25.88,50.7,2022-10,49.9900016784668
2022-11-30,13.323,91.1978,138.07,97.31,-0.023,11227.06,0.57,20.58,49.0,2022-11,55.79999923706055
2022-12-30,12.4183,92.6369,131.12,97.82,0.039,10514.86,0.61,21.67,49.0,2022-12,54.439998626708984
2023-01-31,12.9895,92.7065,130.09,97.68,-0.017,10268.87,0.63,19.4,48.9,2023-01,58.66999816894531
2023-02-28,13.0673,92.7925,136.17,97.53,-0.032,10464.16,0.64,20.7,47.7,2023-02,55.939998626708984
2023-03-31,13.1657,92.641,132.86,97.55,-0.056,10046.71,0.67,18.7,49.2,2023-03,58.689998626708984
2023-04-28,13.4409,93.177,136.3,97.33,-0.037,10448.22,0.65,15.78,49.2,2023-04,58.84000015258789
2023-05-31,14.2328,91.9311,139.34,97.23,-0.051,9514.22,0.63,17.94,50.6,2023-05,59.34000015258789
2023-06-30,15.1671,92.8052,144.31,96.84,-0.067,10195.47,0.61,13.59,49.8,2023-06,61.900001525878906
2023-07-31,15.1626,94.0032,142.29,96.95,0.005,11625.42,0.6,13.63,49.6,2023-07,63.41999816894531
2023-08-31,15.0363,94.7519,145.54,96.92,0.032,12168.17,0.6,13.57,49.6,2023-08,61.63999938964844
2023-09-29,14.7637,96.1165,149.37,96.86,0.05,13564.93,0.61,17.52,49.6,2023-09,60.290000915527344
2023-10-31,14.32,96.032,151.68,96.96,0.146,12275.34,0.61,18.14,48.7,2023-10,58.959999084472656
2023-11-30,15.0256,96.9508,148.2,96.74,0.029,11258.03,0.61,12.92,48.3,2023-11,62.61000061035156
2023-12-29,14.7863,97.9471,141.04,97.01,0.053,10091.19,0.58,12.45,48.3,2023-12,64.13999938964844
2024-01-31,16.005,98.1509,146.92,96.73,0.081,11101.41,0.56,14.35,48.0,2024-01,66.20999908447266
2024-02-29,16.599,99.7791,149.98,96.48,0.179,11738.22,0.54,13.4,47.2,2024-02,69.12000274658203
2024-03-29,16.8119,101.8697,151.35,96.38,0.188,12591.11,0.52,13.01,47.2,2024-03,71.3499984741211
2024-04-30,16.4551,102.9476,157.8,96.24,0.289,12900.7,0.51,15.65,49.6,2024-04,67.2699966430664
2024-05-31,16.264,105.3412,157.31,96.31,0.405,12101.29,0.47,12.92,50.4,2024-05,68.97000122070312
2024-06-28,16.1566,107.6739,160.88,96.14,0.366,13115.71,0.44,12.44,50.4,2024-06,68.23999786376953
2024-07-31,15.6971,109.665,149.98,96.62,0.456,11730.13,0.44,16.36,49.1,2024-07,70.97000122070312
2024-08-30,15.1414,110.5556,146.17,96.74,0.374,10755.22,0.45,15.0,49.1,2024-08,71.97000122070312
2024-09-30,14.6213,110.9634,143.63,96.8,0.392,9756.49,0.45,16.73,49.7,2024-09,71.54000091552734
2024-10-31,15.0768,110.1303,152.03,96.54,0.446,10539.29,0.45,23.16,49.2,2024-10,68.06999969482422
2024-11-29,15.0449,109.4919,149.77,96.81,0.589,10172.8,0.44,13.51,49.2,2024-11,69.69000244140625
2024-12-31,15.749,108.9659,157.2,96.49,0.605,11286.58,0.45,17.35,49.6,2024-12,67.0999984741211
2025-01-31,15.6291,109.8741,155.19,96.69,0.727,11224.74,0.44,16.43,48.7,2025-01,68.30999755859375
2025-02-28,14.8368,111.0848,150.63,97.05,0.81,10489.81,0.43,19.63,49.0,2025-02,68.47000122070312
2025-03-31,14.384,112.8509,149.96,97.12,0.836,10714.85,0.42,22.28,48.4,2025-03,68.55999755859375
2025-04-30,14.5999,111.588,143.07,97.27,0.677,8305.4,0.46,24.7,48.7,2025-04,71.43000030517578
2025-05-30,15.4522,110.9244,144.02,97.18,0.741,8747.68,0.46,18.57,48.7,2025-05,74.12000274658203
2025-06-30,15.9878,109.0374,144.03,97.01,0.75,9390.82,0.47,16.73,50.1,2025-06,74.97000122070312
2025-07-31,15.9922,111.9751,150.75,96.78,0.823,10436.79,0.46,16.72,48.9,2025-07,73.62000274658203
2025-08-29,16.185,115.4256,147.05,96.85,0.871,9403.71,0.46,15.36,48.9,2025-08,78.27999877929688
2025-09-30,16.426,116.2807,147.9,96.81,0.944,9214.54,0.46,16.28,48.5,2025-09,80.20999908447266
2025-10-31,17.4428,118.1008,153.99,96.43,0.925,9397.02,0.46,17.44,48.2,2025-10,83.44999694824219
2025-11-28,17.0975,121.1741,156.18,96.39,0.979,9146.1,0.45,16.35,48.2,2025-11,83.01000213623047
2025-12-31,17.1626,121.7795,156.71,96.51,1.178,9005.18,0.45,14.95,50.0,2025-12,80.73999786376953
2026-01-30,17.6467,124.2376,154.78,96.58,1.236,10071.68,0.44,17.44,50.0,2026-01,85.72000122070312
2026-02-27,19.0831,126.2413,156.05,96.23,1.234,10459.14,0.45,19.86,51.5,2026-02,92.37000274658203
2026-03-31,16.5366,129.0069,158.72,96.56,1.352,16114.35,0.46,25.25,51.6,2026-03,84.44000244140625
2026-04-30,17.611,130.2268,156.59,96.58,1.385,16451.86,0.45,16.89,55.1,2026-04,89.0999984741211
