Date,BEst P/E Ratio,Monthly_EPS,DXY Index,LF98OAS Index,CO1 Comdty,VIX Index,USGGT02Y Index,NAPMPMI Index,GSFCI Index,Month,Price
2005-12-30,14.5399,86.0228,91.17,3.57,58.98,12.07,2.6027,55.1,99.67,2005-12,1248.2900390625
2006-01-31,14.7137,87.0473,88.96,3.28,65.99,12.95,1.825,55.0,99.54,2006-01,1280.0799560546875
2006-02-28,14.5999,87.7948,90.11,3.22,61.76,12.34,1.6867,55.8,99.55,2006-02,1280.6600341796875
2006-03-31,14.6625,88.3785,89.73,3.01,65.91,11.39,2.0465,54.3,99.77,2006-03,1294.8699951171875
2006-04-28,14.7713,88.7937,86.11,2.92,72.5,11.59,1.7943,55.2,99.68,2006-04,1310.6099853515625
2006-05-31,14.197,89.5423,84.72,2.98,70.41,16.44,2.0292,53.7,99.91,2006-05,1270.0899658203125
2006-06-30,14.0063,90.7847,85.16,3.2,73.51,13.08,2.4648,52.0,100.01,2006-06,1270.199951171875
2006-07-31,13.9954,91.3675,85.3,3.32,75.15,14.95,2.5012,53.0,99.95,2006-07,1276.6600341796875
2006-08-31,14.178,92.1104,85.05,3.35,70.25,12.31,2.6412,53.7,99.76,2006-08,1303.8199462890625
2006-09-29,14.3186,93.4451,86.03,3.27,62.48,11.98,2.9734,52.2,99.67,2006-09,1335.8499755859375
2006-10-31,14.7067,93.8472,85.32,3.16,59.03,11.1,3.4881,51.4,99.47,2006-10,1377.93994140625
2006-11-30,14.8193,94.6694,82.95,3.1,64.26,10.91,2.4302,50.3,99.31,2006-11,1400.6300048828125
2006-12-29,14.8994,95.349,83.65,2.75,60.86,11.56,2.4729,51.4,99.43,2006-12,1418.300048828125
2007-01-31,15.188,94.8505,84.6,2.58,57.4,10.42,2.4081,50.4,99.48,2007-01,1438.239990234375
2007-02-28,14.762,95.4044,83.57,2.66,61.89,15.42,2.006,54.1,99.45,2007-02,1406.8199462890625
2007-03-30,14.8214,96.0083,82.93,2.75,68.1,14.64,1.7688,52.8,99.49,2007-03,1420.8599853515625
2007-04-30,15.2363,97.4383,81.447,2.66,67.65,14.22,1.847,52.7,99.21,2007-04,1482.3699951171875
2007-05-31,15.5371,98.6623,82.301,2.38,68.04,13.05,2.6059,53.1,99.11,2007-05,1530.6199951171875
2007-06-29,15.0971,99.7608,81.92,2.92,71.41,16.23,2.7966,54.0,99.31,2007-06,1503.3499755859375
2007-07-31,14.3857,101.3346,80.77,4.13,77.05,23.52,2.6219,51.8,99.46,2007-07,1455.27001953125
2007-08-31,14.4701,102.0084,80.791,4.42,72.69,23.38,2.5275,52.2,99.39,2007-08,1473.989990234375
2007-09-28,14.7905,103.3639,77.719,4.05,79.17,18.0,2.1181,53.8,99.04,2007-09,1526.75
2007-10-31,15.0992,102.7326,76.479,4.21,90.63,18.53,1.7028,52.8,98.79,2007-10,1549.3800048828125
2007-11-30,14.543,101.9781,76.147,5.56,88.26,22.87,0.8464,51.5,99.06,2007-11,1481.1400146484375
2007-12-31,14.42,101.9876,76.695,5.69,93.85,22.5,0.8882,50.1,99.17,2007-12,1468.3599853515625
2008-01-31,13.7168,100.7226,75.178,6.68,92.21,26.2,0.1622,50.9,99.42,2008-01,1378.550048828125
2008-02-29,13.4475,99.146,73.714,7.45,100.1,26.54,-0.7171,48.8,99.57,2008-02,1330.6300048828125
2008-03-31,13.2824,99.7557,71.802,7.81,100.3,25.61,-0.4847,49.7,99.57,2008-03,1322.699951171875
2008-04-30,14.1104,98.3868,72.509,6.53,111.36,20.79,-0.1044,48.5,99.32,2008-04,1385.5899658203125
2008-05-30,14.154,99.1499,72.879,6.22,127.78,17.83,-0.0542,48.9,99.33,2008-05,1400.3800048828125
2008-06-30,12.8544,99.7601,72.463,7.08,139.83,23.95,-0.1103,49.9,99.74,2008-06,1280.0
2008-07-31,12.9794,97.7729,73.227,7.67,123.98,22.94,0.543,50.8,99.86,2008-07,1267.3800048828125
2008-08-29,13.2163,97.1797,77.381,7.94,114.05,20.65,0.7872,50.1,100.01,2008-08,1282.8299560546875
2008-09-30,12.0625,96.799,79.448,10.2,98.17,39.39,2.0887,47.2,100.93,2008-09,1166.3599853515625
2008-10-31,11.0197,87.981,85.633,14.79,65.32,59.89,5.2081,38.2,102.86,2008-10,968.75
2008-11-28,10.8926,82.3486,86.517,18.33,53.49,55.84,6.2323,39.0,103.09,2008-11,896.239990234375
2008-12-31,11.6831,77.3874,81.308,16.62,45.59,40.0,5.6468,34.5,102.43,2008-12,903.25
2009-01-30,11.8333,69.865,85.999,14.76,45.88,44.84,3.0015,36.4,103.18,2009-01,825.8800048828125
2009-02-27,11.1067,66.2461,88.008,15.44,46.35,46.35,1.9652,36.6,104.01,2009-02,735.0900268554688
2009-03-31,12.2569,65.1628,85.43,15.14,49.23,44.14,1.3004,37.2,103.55,2009-03,797.8699951171875
2009-04-30,13.539,64.533,84.614,12.19,50.8,36.5,1.2876,39.9,102.91,2009-04,872.8099975585938
2009-05-29,14.1713,64.9132,79.348,10.67,65.52,28.92,0.8236,44.1,102.26,2009-05,919.1400146484375
2009-06-30,13.5537,67.8811,80.133,9.45,69.3,26.35,0.6593,46.3,102.03,2009-06,919.3200073242188
2009-07-31,14.1271,69.9523,78.347,8.3,71.7,25.92,0.6251,49.7,101.37,2009-07,987.47998046875
2009-08-31,14.324,71.304,78.172,8.49,69.65,26.01,0.847,53.4,101.08,2009-08,1020.6199951171875
2009-09-30,14.5056,72.9256,76.653,7.64,69.07,25.61,0.3464,54.9,100.73,2009-09,1057.0799560546875
2009-10-30,13.7091,75.6438,76.3,7.35,75.2,30.69,-0.0265,57.6,100.87,2009-10,1036.18994140625
2009-11-30,14.1384,77.5584,74.879,7.42,78.47,24.51,-0.306,55.4,100.45,2009-11,1095.6300048828125
2009-12-31,14.2056,78.5642,77.86,6.17,77.93,21.68,-0.0778,55.8,100.55,2009-12,1115.0999755859375
2010-01-29,13.2505,81.1122,79.462,6.36,71.46,24.62,-0.5201,56.3,100.84,2010-01,1073.8699951171875
2010-02-26,13.4399,82.2489,80.362,6.57,77.59,19.5,-0.6503,55.5,100.71,2010-02,1104.489990234375
2010-03-31,14.0026,83.5852,81.073,5.7,82.7,17.59,-0.5621,58.8,100.42,2010-03,1169.4300537109375
2010-04-30,13.6144,87.2364,81.866,5.48,87.44,22.05,-0.6537,58.1,100.27,2010-04,1186.68994140625
2010-05-31,12.2458,89.0265,86.588,6.79,74.65,32.07,0.1107,57.4,100.94,2010-05,1089.4100341796875
2010-06-30,11.483,89.8161,86.019,7.0,75.01,34.54,-0.0676,56.5,101.1,2010-06,1030.7099609375
2010-07-30,12.0842,91.2236,81.539,6.42,78.18,23.5,-0.1803,56.1,100.55,2010-07,1101.5999755859375
2010-08-31,11.4047,92.0671,83.202,6.8,74.64,26.05,-0.0812,56.4,100.76,2010-08,1049.3299560546875
2010-09-30,12.2833,92.9615,78.72,6.21,82.31,23.7,-0.3185,55.3,100.15,2010-09,1141.199951171875
2010-10-29,12.6133,93.8614,77.266,5.75,83.15,21.2,-0.566,56.9,99.98,2010-10,1183.260009765625
2010-11-30,12.487,94.589,81.195,6.08,85.92,23.54,-0.3292,57.3,100.2,2010-11,1180.550048828125
2010-12-31,13.0972,96.0868,79.028,5.26,94.75,17.75,-0.8816,56.6,99.85,2010-12,1257.6400146484375
2011-01-31,13.1024,98.2373,77.735,4.91,101.01,19.53,-1.0959,59.1,99.77,2011-01,1286.1199951171875
2011-02-28,13.3455,99.5491,76.889,4.63,111.8,18.35,-1.4045,59.2,99.56,2011-02,1327.219970703125
2011-03-31,13.083,101.4267,75.857,4.65,117.36,17.74,-1.6782,58.4,99.55,2011-03,1325.8299560546875
2011-04-29,13.102,104.1604,72.933,4.62,125.89,14.75,-2.0421,57.9,99.2,2011-04,1363.6099853515625
2011-05-31,12.7674,105.4579,74.638,4.92,116.73,15.45,-1.4749,54.8,99.3,2011-05,1345.199951171875
2011-06-30,12.4202,106.4306,74.303,5.25,112.48,16.52,-1.0949,55.8,99.49,2011-06,1320.6400146484375
2011-07-29,11.9954,107.8423,73.897,5.4,116.74,25.25,-1.3521,52.9,99.46,2011-07,1292.280029296875
2011-08-31,11.3106,107.8999,74.117,7.08,114.85,31.62,-0.9949,52.6,99.79,2011-08,1218.8900146484375
2011-09-30,10.5,107.9019,78.553,8.07,102.76,42.96,-0.7872,53.7,100.49,2011-09,1131.4200439453125
2011-10-31,11.8632,105.7915,76.166,6.67,109.56,29.96,-1.3194,51.4,99.76,2011-10,1253.300048828125
2011-11-30,11.8059,105.7739,78.384,7.34,110.52,27.8,-1.0257,51.8,100.03,2011-11,1246.9599609375
2011-12-30,11.8242,106.5209,80.178,6.99,107.38,23.4,-1.1869,53.0,100.01,2011-12,1257.5999755859375
2012-01-31,12.3092,106.7813,79.288,6.43,110.98,19.44,-1.7548,54.2,99.66,2012-01,1312.4100341796875
2012-02-29,12.7895,106.9408,78.737,5.77,122.66,18.43,-1.8869,53.3,99.43,2012-02,1365.6800537109375
2012-03-30,13.0585,108.0062,79.004,5.76,122.88,15.5,-1.7236,53.5,99.5,2012-03,1408.469970703125
2012-04-30,12.7064,110.152,78.776,5.82,119.47,17.15,-1.5094,55.2,99.52,2012-04,1397.9100341796875
2012-05-31,11.8265,110.9499,83.043,6.71,101.87,24.06,-0.8692,53.2,100.1,2012-05,1310.3299560546875
2012-06-29,12.231,111.5169,81.627,6.15,97.8,17.08,-0.6124,49.5,99.83,2012-06,1362.1600341796875
2012-07-31,12.5254,110.2727,82.635,5.95,104.92,18.93,-1.0286,49.6,99.64,2012-07,1379.3199462890625
2012-08-31,12.6927,110.9762,81.208,5.75,114.57,17.47,-1.1905,49.0,99.59,2012-08,1406.5799560546875
2012-09-28,12.9122,111.7147,79.935,5.51,112.39,15.73,-1.3496,50.8,99.4,2012-09,1440.6700439453125
2012-10-31,12.6812,111.5075,79.919,5.43,108.7,18.6,-1.1576,50.5,99.5,2012-10,1412.1600341796875
2012-11-30,12.6586,111.9956,80.153,5.46,111.23,15.87,-1.0224,48.0,99.56,2012-11,1416.1800537109375
2012-12-31,12.6266,113.0875,79.769,5.11,111.11,18.02,-1.428,50.1,99.56,2012-12,1426.18994140625
2013-01-31,13.2881,112.8692,79.207,4.77,115.55,14.28,-1.9106,53.3,99.45,2013-01,1498.1099853515625
2013-02-28,13.3589,113.5341,81.949,4.73,111.38,15.51,-2.0253,54.2,99.5,2013-02,1514.6800537109375
2013-03-29,13.7031,114.6795,82.976,4.57,110.02,12.7,-2.0665,51.9,99.38,2013-03,1569.18994140625
2013-04-30,13.9357,114.8097,81.746,4.32,102.37,13.52,-1.3306,51.0,99.16,2013-04,1597.5699462890625
2013-05-31,14.151,115.3463,83.375,4.4,100.39,16.3,-1.0748,50.8,99.46,2013-05,1630.739990234375
2013-06-28,13.8009,116.5023,83.136,4.92,102.16,16.86,-0.9465,51.1,99.82,2013-06,1606.280029296875
2013-07-31,14.4435,116.8268,81.452,4.47,107.7,13.45,-1.2045,53.8,99.52,2013-07,1685.72998046875
2013-08-30,13.9041,117.549,82.087,4.52,114.01,17.01,-0.9795,54.0,99.86,2013-08,1632.969970703125
2013-09-30,14.1335,119.0823,80.221,4.61,108.37,16.6,-0.9882,54.6,99.64,2013-09,1681.550048828125
2013-10-31,14.7462,119.317,80.195,4.16,108.84,13.75,-0.9539,54.6,99.37,2013-10,1756.5400390625
2013-11-29,15.1196,119.6372,80.68,4.04,109.69,13.7,-1.1022,55.5,99.38,2013-11,1805.81005859375
2013-12-31,15.3947,120.2922,80.035,3.82,110.8,13.72,-1.238,56.5,99.28,2013-12,1848.3599853515625
2014-01-31,14.8528,120.2397,81.311,4.04,106.4,18.41,-1.4782,52.5,99.47,2014-01,1782.5899658203125
2014-02-28,15.5178,120.0398,79.691,3.63,109.07,14.0,-1.6649,55.0,99.17,2014-02,1859.449951171875
2014-03-31,15.4588,121.3374,80.1,3.58,107.76,13.88,-1.4298,55.9,99.14,2014-03,1872.3399658203125
2014-04-30,15.3514,122.9405,79.474,3.44,108.07,13.41,-1.371,56.6,99.04,2014-04,1883.949951171875
2014-05-30,15.4803,124.4754,80.369,3.51,109.41,11.4,-1.2952,55.7,98.89,2014-05,1923.5699462890625
2014-06-30,15.7107,124.988,79.775,3.37,112.36,11.57,-1.3662,55.0,98.8,2014-06,1960.22998046875
2014-07-31,15.2436,126.8487,81.456,3.88,106.02,16.95,-1.1553,55.1,99.0,2014-07,1930.6700439453125
2014-08-29,15.7651,127.265,82.748,3.63,103.19,11.98,-0.9744,56.3,98.76,2014-08,2003.3699951171875
2014-09-30,15.4118,128.1759,85.936,4.24,94.67,16.31,-0.692,55.7,99.14,2014-09,1972.2900390625
2014-10-31,15.8918,127.1783,86.917,4.15,85.86,14.03,-0.6844,56.2,99.07,2014-10,2018.050048828125
2014-11-28,16.315,126.9151,88.356,4.49,70.15,13.33,-0.4256,56.3,99.06,2014-11,2067.56005859375
2014-12-31,16.3962,125.7582,90.269,4.83,57.33,19.2,0.2654,55.7,99.26,2014-12,2058.89990234375
2015-01-30,16.3809,121.973,94.804,5.09,52.99,20.97,-0.2719,53.9,99.47,2015-01,1994.989990234375
2015-02-27,17.3426,121.5597,95.293,4.31,62.58,13.34,-1.0156,53.0,99.32,2015-02,2104.5
2015-03-31,16.933,122.3097,98.357,4.66,55.11,15.29,-0.906,52.1,99.52,2015-03,2067.889892578125
2015-04-30,17.0792,122.3154,94.6,4.39,66.78,14.55,-0.9875,51.9,99.45,2015-04,2085.510009765625
2015-05-29,17.0422,123.8635,96.907,4.33,65.56,13.84,-0.707,52.9,99.61,2015-05,2107.389892578125
2015-06-30,16.6139,124.3863,95.485,4.76,63.59,18.23,-0.6377,52.5,99.87,2015-06,2063.110107421875
2015-07-31,16.8696,124.9014,97.336,5.13,52.21,12.12,-0.2007,52.0,99.91,2015-07,2103.840087890625
2015-08-31,15.7847,125.1312,95.824,5.44,54.15,28.43,0.3282,50.2,100.42,2015-08,1972.1800537109375
2015-09-30,15.3229,125.4936,96.35,6.3,48.37,24.5,0.2982,50.1,100.6,2015-09,1920.030029296875
2015-10-30,16.7591,124.2612,96.946,5.6,49.56,15.07,0.1466,49.1,100.13,2015-10,2079.360107421875
2015-11-30,16.6954,124.7963,100.17,6.02,44.61,16.13,0.1821,49.1,100.28,2015-11,2080.409912109375
2015-12-31,16.3072,125.5284,98.631,6.6,37.28,18.21,0.2658,48.7,100.52,2015-12,2043.93994140625
2016-01-29,15.8559,122.5568,99.606,7.34,34.74,20.2,0.0145,47.6,100.91,2016-01,1940.239990234375
2016-02-29,15.9814,121.0945,98.211,7.26,35.97,20.55,-0.4917,49.2,100.8,2016-02,1932.22998046875
2016-03-31,16.9743,121.5352,94.586,6.56,39.6,13.95,-1.0617,51.0,100.08,2016-03,2059.739990234375
2016-04-29,17.0271,121.486,93.082,5.77,48.13,15.7,-0.7468,51.3,99.89,2016-04,2065.300048828125
2016-05-31,17.1163,122.7067,95.891,5.66,49.69,14.19,-0.588,51.4,100.08,2016-05,2096.949951171875
2016-06-30,16.9781,123.8164,96.143,5.94,49.68,15.63,-0.7578,52.2,99.86,2016-06,2098.860107421875
2016-07-29,17.4644,124.6552,95.53,5.4,42.46,11.87,-0.4132,52.7,99.62,2016-07,2173.60009765625
2016-08-31,17.3638,125.2233,96.022,4.9,47.04,13.42,-0.1926,49.8,99.65,2016-08,2170.949951171875
2016-09-30,17.2135,126.1595,95.463,4.8,49.06,13.29,-0.6296,51.1,99.7,2016-09,2168.27001953125
2016-10-31,16.7451,127.1662,98.445,4.77,48.3,17.06,-0.5965,51.8,99.98,2016-10,2126.14990234375
2016-11-30,17.1978,128.046,101.5,4.55,50.47,13.33,-0.4143,53.2,100.2,2016-11,2198.81005859375
2016-12-30,17.1757,130.5402,102.21,4.09,56.82,14.04,-0.6516,54.4,100.09,2016-12,2238.830078125
2017-01-31,17.352,131.5255,99.512,3.88,55.7,11.99,-1.0296,55.7,99.91,2017-01,2278.8701171875
2017-02-28,17.9657,131.7474,101.12,3.63,55.59,12.92,-1.1561,57.7,99.68,2017-02,2363.639892578125
2017-03-31,17.7274,133.4627,100.35,3.83,52.83,12.37,-0.7697,56.5,99.66,2017-03,2362.719970703125
2017-04-28,17.6901,134.9605,99.05,3.71,51.73,10.82,-0.3522,55.8,99.6,2017-04,2384.199951171875
2017-05-31,17.7581,136.009,96.922,3.63,50.31,10.41,-0.2703,56.4,99.42,2017-05,2411.800048828125
2017-06-30,17.6701,137.344,95.628,3.64,47.92,11.18,0.0549,56.2,99.31,2017-06,2423.409912109375
2017-07-31,17.8412,138.6596,92.863,3.52,52.65,10.26,0.015,56.5,99.09,2017-07,2470.300048828125
2017-08-31,17.7264,139.6499,92.668,3.78,52.38,10.59,-0.0341,58.4,99.05,2017-08,2471.64990234375
2017-09-29,17.936,140.6711,93.076,3.47,57.54,9.51,-0.1443,60.0,99.03,2017-09,2519.360107421875
2017-10-31,18.1208,142.3179,94.552,3.38,61.37,10.18,-0.0845,58.6,99.03,2017-10,2575.260009765625
2017-11-30,18.4283,143.8684,93.047,3.44,63.57,11.28,0.3938,57.6,98.84,2017-11,2647.580078125
2017-12-29,18.2394,146.7862,92.124,3.43,66.87,11.04,0.2532,59.7,98.72,2017-12,2673.610107421875
2018-01-31,17.9935,157.1764,89.133,3.19,69.05,13.54,0.138,59.4,98.34,2018-01,2823.81005859375
2018-02-28,17.0362,159.5678,90.613,3.36,65.78,19.85,-0.0002,60.9,98.77,2018-02,2713.830078125
2018-03-30,16.4075,161.2778,89.974,3.54,70.27,19.97,0.1477,58.8,98.88,2018-03,2640.8701171875
2018-04-30,16.219,163.6075,91.841,3.38,75.17,15.93,0.5391,58.6,99.07,2018-04,2648.050048828125
2018-05-31,16.4013,165.337,93.979,3.62,77.59,15.43,0.5662,59.0,99.14,2018-05,2705.27001953125
2018-06-29,16.2869,167.3333,94.47,3.63,79.44,16.09,0.7068,59.9,99.31,2018-06,2718.3701171875
2018-07-31,16.6813,169.3123,94.554,3.36,74.25,12.83,1.024,58.1,99.09,2018-07,2816.2900390625
2018-08-31,17.0795,170.3581,95.14,3.38,77.42,12.86,0.9128,60.5,99.05,2018-08,2901.52001953125
2018-09-28,16.9474,172.4296,95.132,3.16,82.72,12.12,0.9403,59.3,99.08,2018-09,2913.97998046875
2018-10-31,15.6832,173.3965,97.127,3.71,75.47,21.23,1.2954,58.1,99.76,2018-10,2711.739990234375
2018-11-30,16.0473,172.5643,97.272,4.18,58.71,18.07,1.5412,58.6,99.75,2018-11,2760.169921875
2018-12-31,14.6037,171.8861,96.173,5.26,53.8,25.42,1.8834,54.9,100.14,2018-12,2506.85009765625
2019-01-31,16.0295,168.9238,95.578,4.23,61.89,16.57,1.1965,55.7,99.6,2019-01,2704.10009765625
2019-02-28,16.5258,168.7263,96.157,3.79,66.03,14.78,0.7757,54.4,99.57,2019-02,2784.489990234375
2019-03-29,16.6415,170.5683,97.284,3.91,68.39,13.71,0.5329,54.9,99.44,2019-03,2834.39990234375
2019-04-30,17.1617,171.8999,97.479,3.58,72.8,13.12,0.5067,53.6,99.27,2019-04,2945.830078125
2019-05-31,15.9598,172.697,97.75,4.33,64.49,18.71,0.6311,52.6,99.66,2019-05,2752.06005859375
2019-06-28,17.0022,173.286,96.13,3.77,66.55,15.08,0.6218,51.5,99.12,2019-06,2941.760009765625
2019-07-31,17.1774,173.7734,98.516,3.71,65.17,16.12,0.432,51.0,99.16,2019-07,2980.3798828125
2019-08-30,16.8195,174.252,98.916,3.93,60.43,18.98,0.276,48.5,99.22,2019-08,2926.4599609375
2019-09-30,16.9631,175.7274,99.377,3.73,60.78,16.24,0.3617,48.1,99.21,2019-09,2976.739990234375
2019-10-31,17.403,174.7605,97.352,3.92,60.23,13.22,0.3959,48.1,99.05,2019-10,3037.56005859375
2019-11-29,18.0318,174.4187,98.273,3.7,62.43,12.62,0.3657,48.1,98.96,2019-11,3140.97998046875
2019-12-31,18.4281,175.3196,96.389,3.36,66.0,13.78,0.1058,47.9,98.75,2019-12,3230.780029296875
2020-01-31,18.2924,176.3237,97.39,3.9,58.16,18.84,-0.0394,51.4,98.73,2020-01,3225.52001953125
2020-02-28,16.8476,175.3367,98.132,5.0,50.52,40.11,-0.2704,50.1,99.23,2020-02,2954.219970703125
2020-03-31,16.4757,156.821,99.048,8.8,22.74,53.54,0.8884,49.0,100.42,2020-03,2584.590087890625
2020-04-30,20.7972,140.0092,99.016,7.44,25.27,34.15,0.5067,41.8,99.66,2020-04,2912.429931640625
2020-05-29,21.9554,138.6353,98.344,6.37,35.33,27.51,-0.0502,43.5,99.31,2020-05,3044.31005859375
2020-06-30,21.7023,142.8033,97.391,6.26,41.15,30.43,-0.7493,52.6,99.18,2020-06,3100.2900390625
2020-07-31,22.0002,148.6837,93.349,4.88,43.3,24.46,-1.0564,53.8,98.59,2020-07,3271.1201171875
2020-08-31,22.9378,152.6368,92.144,4.77,45.28,26.41,-1.2876,55.4,98.28,2020-08,3500.31005859375
2020-09-30,21.5539,156.0497,93.886,5.17,40.95,26.37,-1.0408,55.5,98.53,2020-09,3363.0
2020-10-30,20.3915,160.4261,94.038,5.09,37.46,38.02,-1.1134,58.7,98.64,2020-10,3269.9599609375
2020-11-30,21.9411,165.0599,91.869,4.12,47.59,20.57,-1.4353,57.3,97.83,2020-11,3621.6298828125
2020-12-31,22.5874,166.2888,89.937,3.6,51.8,22.75,-1.923,60.2,97.54,2020-12,3756.070068359375
2021-01-29,21.4309,173.3282,90.584,3.62,55.88,33.09,-2.3341,59.2,97.75,2021-01,3714.239990234375
2021-02-26,21.4795,177.4664,90.879,3.26,66.13,27.95,-2.3414,60.4,97.81,2021-02,3811.14990234375
2021-03-31,21.8872,181.5645,93.232,3.1,63.54,19.4,-2.5325,63.8,97.75,2021-03,3972.889892578125
2021-04-30,21.6725,192.9923,91.28,2.91,67.25,18.61,-2.5454,60.8,97.39,2021-04,4181.169921875
2021-05-31,21.222,198.1887,89.829,2.96,69.32,16.76,-2.7242,61.6,97.26,2021-05,4204.10986328125
2021-06-30,21.3674,201.2459,92.436,2.68,75.13,15.83,-2.5209,61.3,97.16,2021-06,4297.5
2021-07-30,21.0155,209.2476,92.174,2.94,76.33,18.24,-2.7146,60.2,97.04,2021-07,4395.259765625
2021-08-31,21.2452,212.9949,92.626,2.88,72.99,16.48,-2.4014,59.8,96.99,2021-08,4522.68017578125
2021-09-30,20.1399,214.0071,94.23,2.89,78.52,23.14,-2.3688,60.8,97.41,2021-09,4307.5400390625
2021-10-29,21.3247,216.1101,94.123,2.87,84.38,16.26,-2.5158,60.7,97.07,2021-10,4605.3798828125
2021-11-30,20.8347,219.3698,95.994,3.37,70.57,27.19,-2.6449,60.8,97.25,2021-11,4567.0
2021-12-31,21.4353,222.5346,95.67,2.83,77.78,17.22,-2.4983,58.3,97.05,2021-12,4766.18017578125
2022-01-31,20.0698,225.1232,96.54,3.42,91.21,24.83,-2.1183,57.4,97.55,2022-01,4515.5498046875
2022-02-28,19.3063,226.613,96.707,3.59,100.99,30.15,-2.651,58.1,97.84,2022-02,4373.93994140625
2022-03-31,19.6331,230.8401,98.312,3.25,107.91,20.56,-2.1465,57.2,97.83,2022-03,4530.41015625
2022-04-29,17.7293,233.0481,102.959,3.79,109.34,33.4,-1.6817,55.3,98.91,2022-04,4131.93017578125
2022-05-31,17.5671,235.089,101.752,4.06,122.84,26.19,-1.3886,55.9,98.89,2022-05,4132.14990234375
2022-06-30,15.9714,236.7715,104.685,5.69,114.81,28.71,-0.3608,53.5,99.7,2022-06,3785.3798828125
2022-07-29,17.5961,234.4264,105.903,4.69,110.01,21.33,-0.349,52.9,99.23,2022-07,4130.2900390625
2022-08-31,16.8462,234.3429,108.7,4.84,96.49,25.87,1.0754,53.0,99.76,2022-08,3955.0
2022-09-30,15.2608,234.4674,112.117,5.52,87.96,31.62,2.3687,51.1,100.81,2022-09,3585.6201171875
2022-10-31,16.8238,229.7156,111.527,4.64,94.83,25.88,1.6056,50.3,100.54,2022-10,3871.97998046875
2022-11-30,17.8251,228.3488,105.95,4.48,85.43,20.58,1.8013,49.0,99.85,2022-11,4080.110107421875
2022-12-30,16.7474,228.6548,103.522,4.69,85.91,21.67,2.1576,48.0,100.2,2022-12,3839.5
2023-01-31,18.0402,225.4731,102.097,4.2,84.49,19.4,1.9937,47.1,99.59,2023-01,4076.60009765625
2023-02-28,17.604,225.1977,104.869,4.12,83.89,20.7,1.7772,47.3,100.13,2023-02,3970.14990234375
2023-03-31,18.2211,225.3217,102.506,4.55,79.77,18.7,1.5749,46.3,99.74,2023-03,4109.31005859375
2023-04-28,18.396,226.5449,101.659,4.52,79.54,15.78,1.8654,46.7,99.69,2023-04,4169.47998046875
2023-05-31,18.3491,227.8192,104.326,4.59,72.66,17.94,2.4139,46.4,99.93,2023-05,4179.830078125
2023-06-30,19.4265,229.4044,102.912,3.9,74.9,13.59,2.9032,46.3,99.56,2023-06,4450.3798828125
2023-07-31,19.9289,230.6609,101.855,3.67,85.56,13.63,2.9354,47.0,99.41,2023-07,4588.9599609375
2023-08-31,19.1717,235.6901,103.619,3.72,86.86,13.57,3.0371,48.0,99.72,2023-08,4507.66015625
2023-09-29,18.1054,237.5645,106.174,3.94,95.31,17.52,3.1609,48.7,100.3,2023-09,4288.0498046875
2023-10-31,17.6563,238.3642,106.663,4.37,87.41,18.14,2.8362,47.4,100.68,2023-10,4193.7998046875
2023-11-30,19.0918,240.5571,103.497,3.7,82.83,12.92,2.6129,46.8,99.78,2023-11,4567.7998046875
2023-12-29,19.7334,242.058,101.333,3.23,77.04,12.45,2.3003,46.9,99.27,2023-12,4769.830078125
2024-01-31,19.9879,242.717,103.274,3.44,81.71,14.35,1.9536,48.6,99.35,2024-01,4845.64990234375
2024-02-29,20.7982,245.5552,104.156,3.12,83.62,13.4,1.9429,47.4,99.28,2024-02,5096.27001953125
2024-03-29,21.1301,248.9682,104.487,2.99,87.48,13.01,2.0487,49.8,99.11,2024-03,5254.35009765625
2024-04-30,19.9708,252.2528,106.221,3.01,87.86,15.65,2.5938,48.9,99.63,2024-04,5035.68994140625
2024-05-31,20.6732,255.2275,104.671,3.08,81.62,12.92,2.6335,48.6,99.3,2024-05,5277.509765625
2024-06-28,21.1378,258.3389,105.866,3.09,86.41,12.44,2.7042,48.3,99.25,2024-06,5460.47998046875
2024-07-31,21.1419,261.1732,104.096,3.14,80.72,16.36,2.5854,47.4,99.11,2024-07,5522.2998046875
2024-08-30,21.4062,263.8428,101.698,3.05,78.8,15.0,2.3617,47.7,98.93,2024-08,5648.39990234375
2024-09-30,21.7116,265.3496,100.779,2.95,71.77,16.73,1.9589,47.3,98.71,2024-09,5762.47998046875
2024-10-31,21.4129,266.3646,103.976,2.82,73.16,23.16,1.722,47.0,99.11,2024-10,5705.4501953125
2024-11-29,22.3602,269.6653,105.737,2.66,72.94,13.51,1.6602,48.4,98.87,2024-11,6032.3798828125
2024-12-31,21.5688,272.5676,108.487,2.87,74.64,17.35,1.6837,49.2,99.33,2024-12,5881.6298828125
2025-01-31,22.0309,274.1392,108.37,2.61,76.76,16.43,1.2463,50.5,99.22,2025-01,6040.52978515625
2025-02-28,21.6193,275.3167,107.614,2.8,73.18,19.63,0.8067,50.0,99.19,2025-02,5954.5
2025-03-31,20.2403,277.2156,104.21,3.47,74.74,22.28,0.631,48.9,99.49,2025-03,5611.85009765625
2025-04-30,20.3127,274.1324,99.468,3.84,63.12,24.7,0.8432,48.8,99.44,2025-04,5569.06005859375
2025-05-30,21.3611,276.7511,99.329,3.14,64.15,18.57,1.2922,48.6,99.19,2025-05,5911.68994140625
2025-06-30,22.1164,280.7201,96.875,2.9,67.61,16.73,1.2946,49.0,98.77,2025-06,6204.9501953125
2025-07-31,22.2302,285.2415,99.968,2.78,72.53,16.72,1.3387,48.4,98.83,2025-07,6339.39013671875
2025-08-29,22.2893,289.9193,97.771,2.72,68.12,15.36,0.9347,48.9,98.69,2025-08,6460.259765625
2025-09-30,22.7592,293.9583,97.775,2.67,67.02,16.28,1.0024,48.9,98.44,2025-09,6688.4599609375
2025-10-31,22.886,298.8807,99.804,2.81,65.07,17.44,0.9634,48.8,98.45,2025-10,6840.2001953125
2025-11-28,22.483,304.8045,99.459,2.69,63.2,16.35,1.0498,48.0,98.46,2025-11,6849.08984375
2025-12-31,22.0368,310.8517,98.322,2.66,60.85,14.95,1.1585,47.9,98.49,2025-12,6845.5
2026-01-30,21.8885,317.3392,96.991,2.65,70.69,17.44,0.6607,52.6,98.39,2026-01,6939.02978515625
2026-02-27,21.3293,322.6459,97.608,2.91,72.48,19.86,0.5774,52.4,98.4,2026-02,6878.8798828125
2026-03-31,19.4282,336.2786,99.961,3.17,118.35,25.25,0.5475,52.7,98.97,2026-03,6528.52001953125
2026-04-30,20.6951,348.0926,98.056,2.68,114.01,16.89,0.8464,52.7,98.44,2026-04,7209.009765625
