Date,BEst P/E Ratio,BEst EPS,GBPUSD BGN Curncy,CO1 Comdty,MPMIGBMA Index,VIX Index,LC61OAS Index,GSGBFCI Index,GUKG2 Index,Month,Price
2005-12-30,11.941,141.1505,1.723,58.98,52.1,16.41,0.76,100.96,4.191,2005-12,37.15999984741211
2006-01-31,12.2494,140.7712,1.7793,65.99,53.1,16.65,0.76,101.05,4.317,2006-01,39.41999816894531
2006-02-28,12.2143,141.8524,1.7536,61.76,51.9,16.5,0.77,101.04,4.337,2006-02,39.20000076293945
2006-03-31,12.3335,144.8172,1.7372,65.91,51.1,15.37,0.77,100.82,4.462,2006-03,40.31999969482422
2006-04-28,12.6184,142.8427,1.8259,72.5,51.1,15.39,0.74,101.06,4.621,2006-04,42.900001525878906
2006-05-31,11.8614,144.1808,1.8698,70.41,52.2,14.93,0.77,101.46,4.698,2006-05,41.7599983215332
2006-06-30,11.763,148.1622,1.8483,73.51,54.8,15.03,0.79,101.37,4.771,2006-06,42.099998474121094
2006-07-31,12.6463,139.5455,1.8677,75.15,52.8,15.98,0.81,101.4,4.731,2006-07,43.20000076293945
2006-08-31,12.3277,142.927,1.9047,70.25,52.0,15.48,0.84,101.66,4.876,2006-08,44.13999938964844
2006-09-29,12.1089,147.2287,1.8721,62.48,52.0,16.72,0.84,101.54,4.915,2006-09,43.779998779296875
2006-10-31,12.4333,147.3365,1.9074,59.03,53.7,20.38,0.81,101.58,5.032,2006-10,45.79999923706055
2006-11-30,12.2589,147.7837,1.9659,64.26,54.0,17.52,0.81,101.71,5.033,2006-11,47.099998474121094
2006-12-29,12.3936,150.5478,1.9588,60.86,54.0,17.85,0.83,101.7,5.206,2006-12,46.81999969482422
2007-01-31,12.3511,150.7626,1.9655,57.4,54.3,16.77,0.79,101.98,5.478,2007-01,47.13999938964844
2007-02-28,12.3186,150.3183,1.9639,61.89,55.8,16.57,0.78,101.82,5.321,2007-02,46.439998626708984
2007-03-30,12.5353,151.3641,1.9678,68.1,55.8,15.15,0.81,101.77,5.439,2007-03,48.13999938964844
2007-04-30,12.7545,152.012,1.9995,67.65,53.1,16.25,0.81,101.73,5.513,2007-04,49.70000076293945
2007-05-31,12.8667,154.3771,1.9798,68.04,53.5,14.73,0.79,101.74,5.746,2007-05,50.7599983215332
2007-06-29,12.6958,155.8259,2.0087,71.41,53.5,14.49,0.81,101.97,5.771,2007-06,51.099998474121094
2007-07-31,12.1116,157.1702,2.0313,77.05,54.8,14.83,1.05,102.2,5.559,2007-07,49.380001068115234
2007-08-31,11.8764,159.0337,2.0171,72.69,54.8,15.09,1.24,102.17,5.362,2007-08,49.47999954223633
2007-09-28,12.1758,158.8764,2.0473,79.17,54.8,14.99,1.33,101.85,5.07,2007-09,51.459999084472656
2007-10-31,12.701,158.0309,2.0798,90.63,52.6,15.57,1.3,101.74,5.102,2007-10,54.439998626708984
2007-11-30,12.0253,159.0548,2.0563,88.26,56.3,15.69,1.71,101.75,4.522,2007-11,51.2400016784668
2007-12-31,11.8916,161.5473,1.985,93.85,54.2,16.6,1.74,101.29,4.359,2007-12,48.15999984741211
2008-01-31,10.935,160.1278,1.9872,92.21,51.3,14.22,1.99,101.61,4.292,2008-01,44.31999969482422
2008-02-29,10.9918,159.2355,1.9891,100.1,51.3,14.79,2.37,101.51,4.069,2008-02,43.79999923706055
2008-03-31,10.3905,163.488,1.9837,100.3,51.2,14.62,2.81,101.42,3.829,2008-03,43.119998931884766
2008-04-30,10.907,165.9023,1.9869,111.36,49.7,14.85,2.39,101.24,4.418,2008-04,45.68000030517578
2008-05-30,10.7749,166.637,1.9823,127.78,49.7,14.43,2.23,101.34,5.074,2008-05,45.58000183105469
2008-06-30,10.1321,164.4227,1.9923,139.83,44.9,15.36,2.29,101.7,5.226,2008-06,41.439998626708984
2008-07-31,9.5351,168.125,1.9841,123.98,43.3,16.12,2.47,101.78,4.803,2008-07,39.7400016784668
2008-08-29,9.4566,176.9704,1.8211,114.05,43.3,17.17,2.61,101.11,4.505,2008-08,38.400001525878906
2008-09-30,8.2254,176.911,1.7805,98.17,41.1,16.35,3.81,102.13,4.012,2008-09,33.29999923706055
2008-10-31,7.7176,168.2211,1.6076,65.32,41.0,15.3,4.9,102.52,2.925,2008-10,26.719999313354492
2008-11-28,8.0977,156.8331,1.5377,53.49,41.0,15.18,5.29,101.82,2.206,2008-11,25.0
2008-12-31,8.7663,149.9967,1.4593,45.59,36.0,15.11,5.65,100.12,1.048,2008-12,24.5
2009-01-30,8.9155,137.836,1.454,45.88,36.0,15.04,5.32,101.15,1.501,2009-01,22.200000762939453
2009-02-27,8.9236,126.9035,1.4318,46.35,35.9,15.35,5.65,101.41,1.44,2009-02,20.040000915527344
2009-03-31,10.0308,115.9006,1.4323,49.23,39.5,14.71,5.91,100.95,1.193,2009-03,20.959999084472656
2009-04-30,11.1049,113.5923,1.479,50.8,42.7,14.76,5.39,100.93,1.055,2009-04,23.459999084472656
2009-05-29,12.204,107.5583,1.619,65.52,42.7,15.69,4.63,100.99,1.079,2009-05,27.459999084472656
2009-06-30,11.6869,108.1232,1.6458,69.3,47.1,16.36,4.05,101.22,1.333,2009-06,26.420000076293945
2009-07-31,12.6574,108.2268,1.6713,71.7,50.4,15.72,3.41,100.7,1.233,2009-07,28.65999984741211
2009-08-31,12.6178,115.8314,1.6288,69.65,51.2,15.7,2.96,99.97,0.867,2009-08,29.899999618530273
2009-09-30,12.9034,118.4483,1.5982,69.07,50.4,15.45,2.67,99.39,0.882,2009-09,31.020000457763672
2009-10-30,12.3265,121.7446,1.6453,75.2,50.4,16.1,2.54,99.68,0.857,2009-10,30.979999542236328
2009-11-30,12.1768,126.6924,1.644,78.47,53.2,16.64,2.5,99.37,1.175,2009-11,32.540000915527344
2009-12-31,12.3007,130.7141,1.617,77.93,54.7,16.18,2.35,99.5,1.315,2009-12,32.400001525878906
2010-01-29,11.3639,135.6456,1.5986,71.46,54.7,16.74,2.0,99.66,1.255,2010-01,30.860000610351562
2010-02-26,11.0813,143.5062,1.5238,77.59,54.7,15.29,2.09,99.21,0.944,2010-02,30.600000381469727
2010-03-31,11.288,149.22,1.5184,82.7,56.7,16.12,1.88,98.89,1.157,2010-03,32.540000915527344
2010-04-30,10.6895,154.0444,1.5274,87.44,57.4,16.28,1.92,99.13,1.13,2010-04,31.84000015258789
2010-05-31,9.6183,159.9203,1.4538,74.65,58.4,16.29,2.38,99.43,0.884,2010-05,28.34000015258789
2010-06-30,9.2226,157.9635,1.4945,75.01,57.7,16.63,2.5,99.96,0.746,2010-06,26.8799991607666
2010-07-30,9.9188,157.1285,1.5689,78.18,57.7,16.65,2.33,99.68,0.777,2010-07,30.780000686645508
2010-08-31,9.5223,162.6482,1.5348,74.64,54.9,16.37,2.28,99.47,0.646,2010-08,29.920000076293945
2010-09-30,10.1439,161.9908,1.5716,82.31,53.5,17.24,2.27,98.98,0.653,2010-09,32.720001220703125
2010-10-29,10.2848,163.4361,1.6038,83.15,53.5,16.3,2.07,99.0,0.677,2010-10,34.099998474121094
2010-11-30,9.6789,168.9706,1.5562,85.92,58.8,16.43,2.43,99.43,0.913,2010-11,32.31999969482422
2010-12-31,10.2332,170.4336,1.5612,94.75,57.6,21.66,2.34,98.99,1.097,2010-12,34.7400016784668
2011-01-31,10.1144,171.7426,1.6014,101.01,58.7,19.03,2.17,99.23,1.299,2011-01,35.119998931884766
2011-02-28,10.3619,171.5353,1.6257,111.8,59.3,20.81,2.08,99.23,1.397,2011-02,36.720001220703125
2011-03-31,10.0269,174.6306,1.6028,117.36,55.6,20.64,2.05,98.94,1.356,2011-03,35.81999969482422
2011-04-29,10.3206,174.161,1.6707,125.89,55.6,25.31,1.97,98.81,1.204,2011-04,38.220001220703125
2011-05-31,10.0363,176.8294,1.6448,116.73,53.0,20.78,2.12,98.91,0.921,2011-05,37.31999969482422
2011-06-30,9.805,179.6086,1.6053,112.48,52.1,18.23,2.28,98.71,0.828,2011-06,35.619998931884766
2011-07-29,9.7326,176.9586,1.6426,116.74,52.1,17.87,2.41,98.92,0.632,2011-07,35.47999954223633
2011-08-31,8.976,178.1119,1.625,114.85,49.5,18.6,3.0,99.2,0.602,2011-08,32.7599983215332
2011-09-30,8.3599,181.9537,1.5584,102.76,50.7,17.3,3.54,99.68,0.579,2011-09,29.540000915527344
2011-10-31,9.2934,176.8277,1.6087,109.56,49.0,16.37,2.82,99.36,0.529,2011-10,33.36000061035156
2011-11-30,9.1766,177.5679,1.5704,110.52,47.3,15.79,3.29,99.54,0.46,2011-11,32.81999969482422
2011-12-30,9.339,176.6363,1.5543,107.38,47.3,16.42,3.19,99.47,0.327,2011-12,32.31999969482422
2012-01-31,9.7213,172.8673,1.576,110.98,50.8,16.92,2.94,99.32,0.357,2012-01,33.36000061035156
2012-02-29,10.1515,171.071,1.5917,122.66,50.9,16.91,2.69,99.13,0.413,2012-02,35.060001373291016
2012-03-30,9.9603,171.4914,1.6008,122.88,50.9,17.44,2.65,99.29,0.419,2012-03,34.599998474121094
2012-04-30,9.9394,170.7942,1.6234,119.47,50.1,17.17,2.76,99.54,0.449,2012-04,35.099998474121094
2012-05-31,9.0297,174.6316,1.5405,101.87,46.7,19.0,2.97,99.74,0.235,2012-05,31.100000381469727
2012-06-29,9.5329,173.2689,1.5707,97.8,46.7,18.01,2.81,99.57,0.282,2012-06,32.58000183105469
2012-07-31,9.9596,167.8316,1.5678,104.92,45.5,19.5,2.54,99.5,0.086,2012-07,32.86000061035156
2012-08-31,10.1783,166.2564,1.5866,114.57,49.8,19.08,2.42,99.39,0.077,2012-08,33.939998626708984
2012-09-28,10.4004,163.4999,1.6167,112.39,49.8,17.6,2.24,99.42,0.19,2012-09,34.79999923706055
2012-10-31,10.4799,163.3692,1.6129,108.7,48.0,17.28,2.04,99.33,0.264,2012-10,34.959999084472656
2012-11-30,10.6415,163.3102,1.6013,111.23,48.0,17.51,1.98,99.14,0.315,2012-11,35.36000061035156
2012-12-31,10.7454,162.6159,1.6255,111.11,50.7,20.0,1.92,99.19,0.323,2012-12,35.880001068115234
2013-01-31,11.295,164.6059,1.5857,115.55,51.0,19.83,1.85,98.59,0.377,2013-01,36.939998626708984
2013-02-28,11.2018,168.2994,1.5163,111.38,47.9,22.38,1.84,98.33,0.241,2013-02,35.939998626708984
2013-03-29,11.2919,168.028,1.5198,110.02,47.9,24.69,1.83,98.38,0.203,2013-03,36.540000915527344
2013-04-30,11.4896,165.5589,1.5532,102.37,50.5,23.66,1.61,98.31,0.244,2013-04,37.58000183105469
2013-05-31,11.3293,171.7771,1.5198,100.39,51.9,26.42,1.54,98.26,0.374,2013-05,37.540000915527344
2013-06-28,10.8193,169.8379,1.5213,102.16,51.9,23.43,1.79,98.78,0.398,2013-06,35.31999969482422
2013-07-31,11.5468,169.5706,1.5207,107.7,54.6,20.52,1.61,98.3,0.318,2013-07,37.58000183105469
2013-08-30,11.4353,165.8779,1.5504,114.01,54.6,18.56,1.56,98.87,0.414,2013-08,37.29999923706055
2013-09-30,12.0183,158.9755,1.6186,108.37,57.1,17.19,1.55,99.08,0.442,2013-09,39.2400016784668
2013-10-31,12.5318,158.7646,1.604,108.84,56.2,17.21,1.38,98.71,0.421,2013-10,40.70000076293945
2013-11-29,12.6623,155.0862,1.6368,109.69,56.2,16.35,1.38,99.1,0.458,2013-11,41.02000045776367
2013-12-31,13.0136,153.1449,1.6557,110.8,57.1,17.24,1.35,99.17,0.564,2013-12,41.7599983215332
2014-01-31,12.7415,150.7379,1.6439,106.4,56.3,16.59,1.35,99.33,0.494,2014-01,39.81999969482422
2014-02-28,13.2531,151.4598,1.6745,109.07,56.1,16.08,1.33,99.19,0.494,2014-02,42.52000045776367
2014-03-31,12.9424,150.2071,1.6662,107.76,54.9,15.78,1.37,99.28,0.71,2014-03,41.18000030517578
2014-04-30,13.4564,148.5656,1.6873,108.07,57.6,15.41,1.3,99.23,0.687,2014-04,43.040000915527344
2014-05-30,13.5442,149.1624,1.6755,109.41,57.6,16.66,1.25,99.18,0.666,2014-05,43.459999084472656
2014-06-30,13.5359,146.9717,1.7106,112.36,56.9,16.93,1.24,99.47,0.867,2014-06,41.7599983215332
2014-07-31,13.4882,147.3367,1.6886,106.02,55.1,15.77,1.28,99.54,0.84,2014-07,40.7599983215332
2014-08-29,13.4949,149.1954,1.6598,103.19,55.1,14.85,1.31,99.35,0.838,2014-08,41.08000183105469
2014-09-30,12.9687,150.5708,1.6213,94.67,51.6,15.74,1.32,99.61,0.826,2014-09,38.7599983215332
2014-10-31,13.0523,147.7834,1.5995,85.86,52.6,16.5,1.41,99.58,0.655,2014-10,38.02000045776367
2014-11-28,13.4699,146.853,1.5645,70.15,52.6,16.48,1.45,99.25,0.512,2014-11,38.060001373291016
2014-12-31,13.5928,142.1281,1.5577,57.33,52.2,17.62,1.48,99.54,0.446,2014-12,36.060001373291016
2015-01-30,14.8779,133.3125,1.506,52.99,52.2,16.87,1.33,99.32,0.351,2015-01,36.08000183105469
2015-02-27,15.6932,130.0309,1.5438,62.58,52.4,14.91,1.25,99.7,0.434,2015-02,38.20000076293945
2015-03-31,15.2208,130.648,1.4818,55.11,53.9,14.08,1.33,99.59,0.423,2015-03,36.02000045776367
2015-04-30,16.0246,127.6602,1.5351,66.78,52.4,14.0,1.33,99.58,0.535,2015-04,38.41999816894531
2015-05-29,15.7942,129.7822,1.5291,65.56,52.4,13.47,1.34,99.73,0.509,2015-05,38.65999984741211
2015-06-30,14.7261,129.92,1.5712,63.59,52.0,13.6,1.52,100.36,0.562,2015-06,36.5
2015-07-31,15.1563,129.3115,1.5622,52.21,52.6,14.2,1.48,100.31,0.568,2015-07,37.08000183105469
2015-08-31,14.1071,129.453,1.5345,54.15,51.6,14.33,1.66,100.4,0.687,2015-08,34.119998931884766
2015-09-30,14.0045,126.3435,1.5128,48.37,51.7,14.95,1.85,100.4,0.563,2015-09,32.779998779296875
2015-10-30,15.2072,122.1305,1.5428,49.56,51.7,14.51,1.76,100.55,0.626,2015-10,34.939998626708984
2015-11-30,15.3019,121.1882,1.5056,44.61,52.3,14.9,1.64,100.55,0.604,2015-11,34.36000061035156
2015-12-31,14.9422,121.6958,1.4736,37.28,51.1,14.75,1.67,100.3,0.651,2015-12,32.279998779296875
2016-01-29,14.8706,119.3228,1.4244,34.74,51.1,15.38,1.93,100.06,0.337,2016-01,30.719999313354492
2016-02-29,15.2969,116.2768,1.3917,35.97,50.8,15.45,2.18,99.75,0.378,2016-02,29.760000228881836
2016-03-31,15.9455,112.7851,1.436,39.6,51.2,14.49,1.83,99.55,0.441,2016-03,31.360000610351562
2016-04-29,16.0698,113.1497,1.4612,48.13,51.2,15.12,1.66,99.63,0.528,2016-04,32.619998931884766
2016-05-31,15.7472,115.0678,1.4483,49.69,50.6,15.98,1.68,99.76,0.432,2016-05,32.2400016784668
2016-06-30,15.7948,120.0155,1.3311,49.68,53.0,16.75,1.87,98.52,0.099,2016-06,30.739999771118164
2016-07-29,15.9075,123.2327,1.323,42.46,53.0,15.84,1.54,98.14,0.11,2016-07,31.200000762939453
2016-08-31,15.8719,124.4044,1.3138,47.04,53.3,15.86,1.42,97.95,0.144,2016-08,31.540000915527344
2016-09-30,15.6401,128.4845,1.2972,49.06,55.2,18.84,1.44,97.76,0.102,2016-09,31.68000030517578
2016-10-31,14.8171,136.5254,1.2242,48.3,54.1,20.09,1.46,97.53,0.263,2016-10,30.0
2016-11-30,14.2139,138.9127,1.2506,50.47,53.2,16.9,1.49,98.25,0.128,2016-11,30.059999465942383
2016-12-30,14.378,144.4879,1.234,56.82,53.2,15.64,1.43,97.87,0.084,2016-12,30.690000534057617
2017-01-31,14.1066,146.4485,1.2579,55.7,55.3,16.09,1.39,97.97,0.135,2017-01,31.450000762939453
2017-02-28,14.3816,147.0301,1.238,55.59,54.9,16.15,1.39,97.75,0.1,2017-02,31.90999984741211
2017-03-31,14.3922,148.2097,1.255,52.83,54.1,16.35,1.4,97.78,0.125,2017-03,32.54999923706055
2017-04-28,14.2722,146.9432,1.2951,51.73,54.1,16.35,1.38,98.06,0.075,2017-04,33.099998474121094
2017-05-31,14.7025,148.7572,1.289,50.31,56.5,16.88,1.3,97.59,0.131,2017-05,34.61000061035156
2017-06-30,14.406,147.4161,1.3025,47.92,54.2,17.44,1.26,97.77,0.358,2017-06,33.33000183105469
2017-07-31,14.6018,146.9131,1.3215,52.65,55.5,16.34,1.23,97.63,0.269,2017-07,34.119998931884766
2017-08-31,14.4151,149.8197,1.293,52.38,57.0,18.0,1.27,97.26,0.176,2017-08,33.84000015258789
2017-09-29,14.3893,148.7642,1.3398,57.54,57.0,18.64,1.24,97.91,0.467,2017-09,34.849998474121094
2017-10-31,14.4059,150.7345,1.3283,61.37,56.6,21.77,1.2,97.86,0.46,2017-10,35.060001373291016
2017-11-30,14.0594,151.0302,1.3525,63.57,58.2,17.76,1.23,98.06,0.521,2017-11,35.02000045776367
2017-12-29,14.6633,151.9442,1.3513,66.87,58.2,17.36,1.19,97.7,0.438,2017-12,35.81999969482422
2018-01-31,14.2679,152.9801,1.4191,69.05,55.2,17.79,1.07,98.08,0.664,2018-01,37.15999984741211
2018-02-28,13.4742,155.5044,1.376,65.78,55.3,17.65,1.22,98.12,0.778,2018-02,34.66999816894531
2018-03-30,13.22,154.5298,1.4015,70.27,55.3,20.82,1.33,98.36,0.823,2018-03,34.75
2018-04-30,13.7132,158.3932,1.3763,75.17,53.8,20.6,1.29,98.12,0.776,2018-04,36.25
2018-05-31,13.6375,162.589,1.3298,77.59,54.3,21.2,1.46,97.91,0.61,2018-05,36.029998779296875
2018-06-29,13.2947,165.9663,1.3207,79.44,54.3,20.29,1.48,97.97,0.724,2018-06,34.779998779296875
2018-07-31,13.4132,166.9239,1.3124,74.25,53.9,19.62,1.44,97.9,0.772,2018-07,35.11000061035156
2018-08-31,12.75,168.3744,1.296,77.42,52.9,20.23,1.42,98.15,0.731,2018-08,33.56999969482422
2018-09-28,12.9051,168.4642,1.3031,82.72,52.9,19.09,1.44,98.21,0.824,2018-09,34.119998931884766
2018-10-31,11.8984,173.4242,1.2766,75.47,51.1,21.01,1.53,98.36,0.751,2018-10,31.809999465942383
2018-11-30,11.6625,173.4026,1.2749,58.71,53.3,19.55,1.76,98.43,0.777,2018-11,31.43000030517578
2018-12-31,11.2813,172.5625,1.2754,53.8,54.3,17.93,1.77,98.46,0.752,2018-12,29.350000381469727
2019-01-31,12.2203,164.8774,1.3109,61.89,52.8,18.63,1.65,98.52,0.756,2019-01,31.489999771118164
2019-02-28,12.4817,163.7945,1.3263,66.03,52.1,19.86,1.58,98.68,0.827,2019-02,32.56999969482422
2019-03-29,12.6416,165.9673,1.3035,68.39,52.1,21.44,1.56,98.34,0.642,2019-03,33.0099983215332
2019-04-30,12.7373,167.6255,1.3032,72.8,53.1,23.57,1.44,98.37,0.764,2019-04,33.7599983215332
2019-05-31,12.1239,170.133,1.2629,64.49,49.4,21.15,1.61,98.17,0.6,2019-05,31.690000534057617
2019-06-28,12.6024,169.745,1.2696,66.55,49.4,23.75,1.47,97.88,0.62,2019-06,32.31999969482422
2019-07-31,12.5871,173.364,1.2159,65.17,48.0,29.49,1.41,97.42,0.437,2019-07,31.540000915527344
2019-08-30,12.0496,171.7864,1.2156,60.43,48.0,25.5,1.49,97.73,0.401,2019-08,30.34000015258789
2019-09-30,12.575,169.1696,1.2289,60.78,48.3,24.93,1.51,97.8,0.369,2019-09,31.43000030517578
2019-10-31,12.7395,162.9781,1.2942,60.23,49.6,24.23,1.41,98.31,0.503,2019-10,32.529998779296875
2019-11-29,12.925,162.7149,1.2925,62.43,49.6,27.29,1.37,98.37,0.544,2019-11,32.93000030517578
2019-12-31,13.2738,162.4868,1.3257,66.0,47.5,27.19,1.27,98.4,0.545,2019-12,34.099998474121094
2020-01-31,12.903,161.5455,1.3206,58.16,50.0,23.51,1.22,98.45,0.504,2020-01,32.63999938964844
2020-02-28,11.7649,159.7408,1.2823,50.52,50.0,22.37,1.39,98.61,0.31,2020-02,29.299999237060547
2020-03-31,12.0058,134.8688,1.242,22.74,47.8,25.09,2.63,99.24,0.139,2020-03,23.8799991607666
2020-04-30,14.8528,112.872,1.2594,25.27,32.6,24.06,2.08,99.03,0.017,2020-04,25.25
2020-05-29,15.4543,111.4328,1.2343,35.33,32.6,26.78,1.99,98.54,-0.043,2020-05,25.729999542236328
2020-06-30,15.4732,112.8239,1.2401,41.15,50.1,26.15,1.76,98.39,-0.084,2020-06,25.760000228881836
2020-07-31,15.0814,110.261,1.3085,43.3,53.3,26.95,1.58,98.76,-0.067,2020-07,25.93000030517578
2020-08-31,15.0481,111.3998,1.337,45.28,55.2,25.33,1.47,98.88,-0.057,2020-08,26.639999389648438
2020-09-30,14.031,117.4653,1.292,40.95,54.1,27.44,1.52,98.71,-0.023,2020-09,25.489999771118164
2020-10-30,13.22,118.1255,1.2947,37.46,54.1,31.05,1.46,99.0,-0.032,2020-10,24.34000015258789
2020-11-30,14.5724,120.8241,1.3323,47.59,55.6,30.61,1.2,98.59,-0.022,2020-11,28.260000228881836
2020-12-31,14.3087,126.5076,1.367,51.8,57.5,25.25,1.13,98.46,-0.16,2020-12,29.290000915527344
2021-01-29,13.6572,131.578,1.3708,55.88,57.5,24.54,1.14,98.64,-0.106,2021-01,29.219999313354492
2021-02-26,13.5985,133.9056,1.3933,66.13,54.1,23.87,1.09,99.01,0.128,2021-02,30.3700008392334
2021-03-31,13.3906,140.6624,1.3783,63.54,58.9,24.17,1.14,99.02,0.104,2021-03,31.309999465942383
2021-04-30,13.2069,147.9191,1.3822,67.25,60.9,25.78,1.08,98.69,0.08,2021-04,32.529998779296875
2021-05-31,13.1151,150.3982,1.4212,69.32,65.6,21.04,1.09,98.85,0.063,2021-05,33.790000915527344
2021-06-30,12.6729,156.0094,1.3831,75.13,63.9,19.49,1.06,98.74,0.063,2021-06,32.70000076293945
2021-07-30,12.2027,162.2237,1.3904,76.33,63.9,19.23,1.07,98.76,0.06,2021-07,32.790000915527344
2021-08-31,11.9624,166.9002,1.3755,72.99,60.3,19.12,1.05,98.64,0.219,2021-08,33.0099983215332
2021-09-30,11.8033,168.5964,1.3474,78.52,57.1,18.36,1.04,98.74,0.41,2021-09,32.25
2021-10-29,12.1538,167.3967,1.3682,84.38,57.1,18.17,1.06,98.84,0.71,2021-10,33.68000030517578
2021-11-30,11.5624,171.9923,1.3299,70.57,58.1,17.94,1.17,98.8,0.484,2021-11,32.040000915527344
2021-12-31,12.0335,172.9503,1.3532,77.78,57.9,17.48,1.14,98.88,0.687,2021-12,33.13999938964844
2022-01-31,12.0192,176.2787,1.3447,91.21,57.3,18.87,1.22,99.05,1.045,2022-01,33.88999938964844
2022-02-28,12.0244,176.8077,1.342,100.99,58.0,19.5,1.48,99.29,1.039,2022-02,33.4900016784668
2022-03-31,11.6115,185.504,1.3138,107.91,55.2,18.92,1.47,99.15,1.352,2022-03,33.63999938964844
2022-04-29,11.1024,195.2547,1.2574,109.34,55.2,19.31,1.67,99.24,1.591,2022-04,32.29999923706055
2022-05-31,10.9722,199.5732,1.2602,122.84,54.6,18.71,1.71,99.22,1.586,2022-05,33.16999816894531
2022-06-30,10.2189,202.7182,1.2178,114.81,52.8,18.02,2.07,99.44,1.842,2022-06,29.959999084472656
2022-07-29,10.3385,207.183,1.2171,110.01,52.8,17.83,1.91,99.31,1.71,2022-07,30.90999984741211
2022-08-31,9.4585,221.5005,1.1622,96.49,47.3,18.81,2.05,99.51,3.021,2022-08,28.90999984741211
2022-09-30,8.4598,234.7678,1.117,87.96,48.4,16.89,2.34,100.28,4.232,2022-09,26.209999084472656
2022-10-31,9.0898,224.4185,1.1469,94.83,46.2,16.99,2.29,100.17,3.333,2022-10,28.040000915527344
2022-11-30,9.9863,217.9576,1.2058,85.43,46.5,18.29,2.06,99.95,3.297,2022-11,31.530000686645508
2022-12-30,9.9483,215.5056,1.2083,85.91,46.5,17.38,1.94,100.1,3.576,2022-12,30.65999984741211
2023-01-31,10.5062,212.2518,1.232,84.49,47.0,17.39,1.67,99.84,3.468,2023-01,32.56999969482422
2023-02-28,10.5204,215.1355,1.2022,83.89,49.3,17.08,1.69,100.11,3.689,2023-02,32.279998779296875
2023-03-31,10.3577,211.232,1.2337,79.77,47.9,17.19,1.91,100.29,3.444,2023-03,32.2599983215332
2023-04-28,10.901,207.3773,1.2567,79.54,47.9,18.38,1.72,100.37,3.785,2023-04,33.93000030517578
2023-05-31,10.0927,211.1618,1.2441,72.66,47.1,17.99,1.74,100.96,4.335,2023-05,31.899999618530273
2023-06-30,10.3539,207.8682,1.2703,74.9,46.5,17.87,1.73,101.27,5.274,2023-06,32.349998474121094
2023-07-31,10.8703,202.1209,1.2835,85.56,45.3,17.26,1.54,101.12,5.0,2023-07,33.29999923706055
2023-08-31,10.4104,203.6631,1.2673,86.86,43.0,18.43,1.61,101.33,5.149,2023-08,32.0
2023-09-29,10.5155,207.335,1.2199,95.31,43.0,17.82,1.62,101.07,4.904,2023-09,31.639999389648438
2023-10-31,10.1055,207.7985,1.2153,87.41,44.8,18.06,1.69,101.24,4.78,2023-10,30.5
2023-11-30,10.5517,202.5308,1.2624,82.83,47.2,17.44,1.48,101.18,4.608,2023-11,32.38999938964844
2023-12-29,11.0231,200.9749,1.2731,77.04,47.2,16.76,1.39,100.73,3.984,2023-12,33.04999923706055
2024-01-31,11.1013,196.9902,1.2688,81.71,47.0,16.7,1.32,100.99,4.258,2024-01,32.43000030517578
2024-02-29,11.2177,195.3803,1.2625,83.62,47.5,16.59,1.25,101.08,4.302,2024-02,32.75
2024-03-29,11.6372,195.8156,1.2623,87.48,47.5,17.01,1.19,100.92,4.172,2024-03,34.209999084472656
2024-04-30,11.8092,197.8045,1.2492,87.86,49.1,16.29,1.21,101.0,4.506,2024-04,34.70000076293945
2024-05-31,11.8975,198.7751,1.2742,81.62,51.2,15.74,1.14,101.0,4.407,2024-05,36.31999969482422
2024-06-28,11.5485,202.022,1.2645,86.41,51.2,15.32,1.23,101.02,4.221,2024-06,34.880001068115234
2024-07-31,11.9691,199.824,1.2856,80.72,52.1,16.05,1.14,100.97,3.826,2024-07,36.2599983215332
2024-08-30,12.0765,198.4463,1.3127,78.8,52.1,15.77,1.2,101.02,4.109,2024-08,37.529998779296875
2024-09-30,12.0101,195.7556,1.3375,71.77,51.5,16.06,1.21,101.24,3.983,2024-09,37.40999984741211
2024-10-31,11.7061,197.8555,1.2899,73.16,49.9,15.4,1.08,101.25,4.437,2024-10,35.54999923706055
2024-11-29,11.7202,201.8002,1.2735,72.94,49.9,21.51,1.08,101.14,4.234,2024-11,35.79999923706055
2024-12-31,11.4822,203.1113,1.2516,74.64,47.0,18.92,0.96,101.27,4.394,2024-12,33.900001525878906
2025-01-31,12.1402,203.5933,1.2395,76.76,48.3,19.87,0.91,100.93,4.219,2025-01,35.61000061035156
2025-02-28,12.4529,201.9031,1.2577,73.18,46.9,22.22,0.95,100.99,4.174,2025-02,37.040000915527344
2025-03-31,12.2225,200.9384,1.2918,74.74,44.9,19.44,1.11,101.23,4.196,2025-03,37.470001220703125
2025-04-30,12.5203,193.9082,1.3329,63.12,45.4,17.68,1.22,101.22,3.803,2025-04,38.099998474121094
2025-05-30,13.072,191.0287,1.3459,63.9,45.4,16.2,1.1,101.21,4.023,2025-05,39.91999816894531
2025-06-30,12.9196,192.5762,1.3732,67.61,47.7,16.41,1.01,101.1,3.817,2025-06,39.720001220703125
2025-07-31,13.2007,196.7082,1.3207,72.53,48.0,18.44,0.93,100.8,3.861,2025-07,39.810001373291016
2025-08-29,13.2302,197.9848,1.3504,68.12,48.0,16.4,0.93,100.88,3.943,2025-08,41.459999084472656
2025-09-30,13.318,199.7965,1.3446,67.02,46.2,16.78,0.86,100.77,3.985,2025-09,41.970001220703125
2025-10-31,13.4222,206.1918,1.3152,65.07,49.7,17.28,0.83,100.41,3.771,2025-10,42.66999816894531
2025-11-28,13.2718,208.8905,1.3235,63.2,49.7,19.49,0.86,100.48,3.745,2025-11,43.150001525878906
2025-12-31,13.5542,208.9223,1.3475,60.85,50.6,18.63,0.83,100.48,3.736,2025-12,43.97999954223633
2026-01-30,13.9616,208.9707,1.3686,70.69,50.6,18.89,0.81,100.5,3.718,2026-01,46.15999984741211
2026-02-27,14.7,212.1366,1.3482,72.48,51.8,18.41,0.93,100.07,3.525,2026-02,48.68000030517578
2026-03-31,13.0042,224.25,1.3227,118.35,51.0,17.65,0.99,100.56,4.406,2026-03,45.560001373291016
2026-04-30,12.8938,230.2861,1.3604,114.01,53.7,16.45,0.92,100.71,4.452,2026-04,47.150001525878906
